4,137.39,2852.08,35,831.21
5,128.25,3171.96,25,716.7
5,126.63,3132.57,27,566.6
5,109.1,2741.39,21,316.95
5,145.05,3083.21,32,629.61
4,108.15,2608.33,14,739.96
4,123.42,2822.68,41,699.2
3,85.39,1990.23,59,921.23
5,111.96,2573.97,19,521.98
5,157.68,3605.43,48,1111.38
4,122.16,2572.38,62,972.6
2,106.36,1272.74,45,789.18
1,64.24,515.1,13,370.54
4,81.21,2511.07,48,855.03
2,98.67,1492.85,32,675.75
1,67.88,500,39,681.32
4,118.25,2267.06,35,586.73
1,42.29,608.57,5,378.85
5,137.7,3600.47,57,848.46
2,101.41,2144.66,38,678.59
3,105.92,2165.06,16,440.76
3,116.5,2974.25,26,755.65
4,104.09,2142.46,23,680.71
5,140.34,2913.88,27,581.74
1,85.98,1504.75,33,558.09
5,124.25,1948.2,45,982.92
5,139.15,3349.26,29,539.53
2,101.05,1762.44,30,798.6
2,70.68,1733.81,24,471.78
1,89.85,1260.01,48,911.2
5,151.9,3605.93,28,703.37
5,137.41,3066.57,63,1280.08
5,113.39,3100.04,46,947.08
1,34.78,721.24,13,367.72
4,98.04,1805.23,37,926.3
5,167.01,3798.49,21,674
5,124.41,3003.26,43,849.45
2,93.63,1987.5,8,469.71
4,138.25,2917.09,15,534.1
2,86.08,987.93,40,606.77
5,131.28,3757.32,50,897.54
5,157.32,3792.48,49,1005.98
4,115.61,2276.95,43,946.23
2,78.44,1370.8,40,824.51
4,98.92,2223,54,889.61
1,81.13,1634.14,52,789.83
5,139.5,4303.69,18,651.95
5,160.96,3360.94,29,549.93
1,62.91,786.98,30,591.03
2,75.04,1448.48,26,677.45
2,73.05,1001.17,56,840.56
2,94.86,1409.9,7,316.4
3,100.4,1944.37,37,837.07
1,86.85,1147.37,26,548.93
3,112.31,2267.35,54,768.25
5,131.5,2692.51,26,644.56
4,101.76,2164.19,17,502.43
4,114.34,2330.38,38,758.83
2,111.79,1210.54,33,629.57
1,110.7,1717.61,41,847.29
4,103.43,2264.47,29,654.41
2,55.19,1504.27,37,722.09
1,55.79,653.36,11,503.48
5,132.81,3045.32,34,828
4,103.54,1966.05,19,479.24
4,97.11,2354.51,41,572.44
2,78.35,1350.87,45,627.79
4,106.65,3238.61,36,674.2
4,130.48,3251.5,15,399.15
5,121.24,3066.13,46,871.75
5,142.48,3502.17,38,754.77
1,54.16,1009.18,7,484.18
1,75.38,1374.59,44,654.09
1,68.42,1569.53,44,895.99
4,88.1,2408.3,16,481.79
1,58.49,961.48,20,635.1
3,122.76,1300.63,49,882.57
5,131.68,2794.94,62,1036.58
2,81.42,934.72,41,557.23
5,129.92,3079.88,64,1097.95
4,96.67,2445.91,54,909.2
5,120.71,3071.78,27,618.21
4,108.88,2548.09,38,713.49
5,93.75,2746.19,43,747.19
2,84.31,1505.76,19,529.09
1,50.82,1312.3,42,710.13
5,108.08,3035.35,61,989.55
4,80.29,2002.78,23,691.32
1,100.59,2043.57,40,635.91
5,118.71,3157.8,53,809.31
4,107.65,2299.98,36,709.88
3,106.69,2215,54,908.02
1,84.02,1227,53,998.2
5,130.21,2946.26,28,595.79
1,79.01,1253.34,28,609.12
4,89.18,2428.2,32,658.71
5,142.78,3458.3,32,666.66
5,134.81,2813.24,35,763.36
3,36.79,563.48,15,346.13
5,126.65,3642.09,58,926.92
5,142.79,3942.45,18,570.56
4,114.42,2573.03,37,839.95
5,142.32,3308.48,60,1164.89
5,155.33,3442.49,20,612.66
4,102.12,2535.52,41,924.41
1,101.8,1251.34,28,611.36
5,122.6,2643.09,21,619.63
4,95.17,2062.27,22,680.13
4,102.21,2040.02,41,852.18
2,83.19,1956.06,11,576.6
5,151.82,3215.45,49,956.73
3,71.88,1244.01,57,984.84
1,45.18,500,45,451.55
2,98.15,1550.99,56,893.66
5,118.08,3322.6,29,639.04
3,106.09,2429.85,32,671.48
2,57.08,1331.91,17,415.63
1,88.01,786.18,43,675.39
1,66.55,729.34,14,352.79
5,154.99,3250.3,46,946.2
5,105.06,3058.61,41,718.24
5,97.5,1721.54,47,859.42
4,78.67,1317.16,26,721.91
5,146.73,3694.92,54,990.45
1,80.93,880.4,48,868.09
1,98.12,1614.98,15,603.56
1,85.69,1102.44,10,291.94
3,62.64,1502.15,59,854.47
5,150.24,4656.34,33,726.47
4,96.58,2068.56,22,760.12
2,100.74,1746.04,30,624.64
3,99.53,2542.98,53,919.94
1,69.78,811.22,29,601.49
5,117.52,2967.32,49,1025.66
2,43.8,1270.92,43,765.99
3,108.76,1966.62,13,414.34
4,134.88,3024.02,31,741.57
1,91.67,1936.28,46,935.36
5,113.81,2956.59,53,812.94
5,129.84,3247.67,58,879.85
2,114.83,2032.31,52,789.65
5,104.62,3069.5,39,806.21
4,94.81,2325.88,51,733.41
5,110.97,3421.62,54,1091.18
4,143.11,2914.11,57,1090.28
2,99.97,2135.12,50,1061.04
4,125.67,2237.26,43,713.74
3,77.29,1653.29,30,568.47
5,104.78,2867,20,605.45
3,75.04,923.09,25,751.72
5,96.05,2484.86,16,465.14
4,115.93,2779.87,39,720.31
1,84.8,1604.64,29,697.66
1,73.41,505.09,8,418.27
5,62.85,1874.76,44,684.16
2,97.21,1479.94,55,801.57
1,82.9,969.03,33,595.38
4,110.83,2629.6,54,972.82
1,103.59,1259.43,10,423.49
3,90.39,1893.2,52,873.1
2,85.18,1956.68,14,592.77
2,63.85,1438.11,8,513.76
2,93.24,1396.1,34,609.58
4,117.26,2587.96,39,814.7
3,123.29,1812.94,57,909.94
1,83.65,897.78,12,458.67
2,106.59,2076.54,43,795.72
4,127.18,2865.89,19,565.84
5,110.95,1819.89,60,1099.57
5,69.59,1502.02,61,831.58
2,115.92,1477.28,28,819.18
5,142.63,3015.51,46,829.92
5,95.36,3328.26,57,1102.61
2,91.24,1548.31,24,562.18
1,66.75,593.87,22,549.91
1,83.38,1425.48,7,356.39
3,97.58,2259.02,59,841.78
3,117.27,2288.79,41,846.66
5,106.75,2395.23,21,386.21
3,54.22,1983.39,30,592.41
4,123.67,2873,61,1027.16
2,97.52,1478.43,11,290.18
5,103.72,2814.86,17,603.6
4,115.78,2687.86,38,735.38
4,95.86,2257.49,24,657.71
5,120.52,2472.28,24,537.73
5,105.67,3132.23,16,550.12
3,94.62,2115.04,25,520.97
2,97,1736.4,47,618.6
5,106.97,2172.7,27,537.97
2,56.22,1465.4,41,571.74
2,98,2131.74,16,758.49
2,113.72,2817.16,50,778.02
5,124.08,2626.74,40,818.38
4,149.65,3004.24,38,893.59
5,128.48,2318.58,63,956.89
1,57.11,500,25,625.81
3,96.18,1628.01,56,804.28
5,92.99,2440.58,48,810.71
5,153.93,3252.81,52,905.13
4,83.31,2269.68,28,603.76
1,61.27,500,5,342.87
4,144.32,3049.16,58,1012.46
3,81.14,1645.8,18,524.83
1,67.07,500,16,341.08
2,93.64,2233.32,48,827.61
1,83.49,853.41,36,698.61
4,151.73,2937.67,42,1017.01
1,80.21,1337.91,21,585.55
4,121.74,2491.3,15,676.29
2,91.3,1878.51,33,531.72
1,67.75,800.6,46,740.37
4,76.9,2324.93,41,702.09
3,84.07,2343.7,13,557.46
3,97.41,1670.59,22,510.55
1,55.76,693.24,53,764.52
2,90.99,1938.29,47,760.69
4,144.83,2720.09,33,665.97
1,64.31,500,14,588.45
1,40.76,500,9,425.22
4,100.24,2244.41,50,776.13
1,64.01,1117.46,39,571.49
4,106.76,2193.07,14,435.45
3,118.77,2072.91,41,646.04
4,93.67,2140.02,31,608.47
2,68.7,1652.18,40,693.81
2,115.25,1724.16,47,824.87
2,74.3,1080.16,37,803.45
1,102.61,745.26,35,731.95
4,116.77,2982.85,32,747.48
4,132.03,3252.46,50,865.17
5,97.39,2878.23,33,617.04
1,103.03,1561.08,44,781.08
4,122.1,2574.74,54,849.44
5,99.76,3058.58,35,646.68
1,90.94,2003.92,33,742.34
3,93.87,1558.91,59,873.27
1,60.91,669.63,37,501.54
4,104.9,2437,14,397.83
3,112.2,2002.82,44,828.66
5,96.93,1730.86,21,591.2
5,108.46,2612.49,53,839.32
5,108.51,3169.24,42,792.05
5,118.36,3117.49,18,580.92
4,56.01,1024.48,41,694.09
2,84.78,1294.69,41,596.12
4,130.15,3404.32,32,863.08
3,69.12,1418.83,40,684.86
2,64.25,1116.38,19,440
3,99.72,1957.02,12,479.99
3,110.47,1708.11,40,651.75
1,67.02,500,28,636.25
1,69.04,1037.55,48,682.48
2,79.92,1214.93,47,794.51
1,94.55,1440.84,48,1075.74
3,117.01,982.47,45,649.83
2,96.54,1878.82,29,697.76
4,102.87,1854.39,58,1023.89
4,130.12,3002.51,56,821.53
2,92.08,1556.52,37,616.03
1,79.12,785.96,14,398.02
1,106.78,1030.84,38,698.89
3,110.73,2810.26,24,603.86
1,64.87,1366.43,50,760.79
3,125.42,2292.35,56,818.89
1,90.39,1217.32,30,627.86
2,59.69,567.48,43,598.64
2,100.39,1471.73,30,614.82
1,69.64,500,42,652.49
4,108.03,3174.25,42,781.29
3,74.8,1636.87,11,532.63
1,96.82,1916.95,16,436.74
4,98.04,2300.56,22,649.17
2,66.17,584.92,23,476.02
3,122.52,2825.38,49,771.56
4,136.49,3539.56,35,751.44
4,173.6,2774.25,45,918.32
3,97.21,2108.49,23,571.91
1,63.27,673.13,10,538.03
1,132.15,2138.21,17,476.15
5,109.39,2387.16,61,857.79
1,60.75,500,6,370.71
1,80.22,1231.93,24,618.85
4,94.12,2623,22,565.45
3,129.37,2056.44,34,711.27
1,47.72,692.38,13,202.99
2,83.69,1379.66,7,442.17
2,123.52,2136.93,18,675.57
3,95.65,1738.47,55,854.79
5,104.12,2422.76,61,948.25
4,118.75,2843.16,27,867.07
4,105.99,2155.57,49,990.67
4,132.3,2864.42,38,959.07
4,83.07,1796.85,30,721.32
5,110.08,2987.27,24,628.46
2,78.61,1261.94,38,639.3
2,82.82,1935.22,56,766.27
2,112.72,2222.39,17,525.39
5,97.12,2143.95,51,875.36
1,87.65,1535.46,25,525.5
2,89.72,1298.93,29,533.91
4,84.63,2457.23,24,587.09
3,82.67,1971.4,22,764.45
4,95.58,2401.76,39,721.97
4,142.19,2633.99,37,859.98
2,136.85,2343.02,32,724.77
5,133.97,2750.16,53,1107.72
3,89.74,2482.75,20,671.53
5,104.98,2925.46,30,622.19
5,128.53,2926.47,55,820.02
3,104.96,2689.47,44,772.91
5,113.26,2895.73,23,411.15
3,110.42,2585.08,55,757.31
4,145.8,3412.61,13,534.39
4,124.28,2609.03,15,507.6
4,90.86,2137.22,41,815.44
1,36.22,829.15,21,384.64
1,83.53,1323.45,44,803.3
4,110.58,2828.13,27,567.74
4,101.2,2515.54,52,810.93
3,93.73,1961.33,20,657.13
4,130.2,2517.24,53,953.72
3,100.3,1441.63,12,442.03
2,72.92,960.69,30,550.24
4,91.54,2401.15,13,529.21
1,103.97,1718.97,10,628.61
3,105.25,1846.02,38,471.4
5,58.81,1683.17,57,726.14
2,72.5,1381.88,30,628.1
4,154.05,3286.88,20,658.18
3,67.71,1936.1,40,710.47
1,87.8,1121.85,14,371.73
2,78.3,1240.64,10,338.48
4,127.31,2798.47,36,742.62
5,110.11,2443,45,712.38
3,75.91,1890.62,59,939.99
2,79.56,1910.62,11,340.22
1,80.49,1432.39,33,565.1
2,63.08,1041.1,26,624.39
4,125.76,2636.05,13,522
4,110.26,2046.57,35,642.01
4,125.14,2983.15,28,770.28
5,114.74,2914.35,50,989.02
5,112.14,2251.9,58,1009.48
5,105.7,2461.6,39,764.05
3,98.23,2176.25,28,667.74
3,132.71,2705.72,15,474.72
4,122.31,2644.55,51,1058.56
1,85.67,1348.41,23,447.37
3,93.6,1828.59,38,587.18
3,91.47,2768.36,20,437.67
2,81.97,583.28,22,434.07
3,57.35,937.49,34,538.08
1,53.79,1431.22,6,487.55
3,137.11,3156.91,39,646.9
4,118.32,2716.21,49,973.36
5,127.67,3190.61,51,879.11
2,87.44,1161.89,48,799.32
1,74.13,826.94,53,842.91
1,58.79,666.9,49,824.93
2,104.97,2067.99,36,614.91
5,110,2455.61,49,870.95
4,117.58,2219.81,42,803.51
4,109.95,2007.78,23,662.63
4,122.55,2599.52,38,781.72
3,92.67,2134.81,14,505.61
5,125,3636.45,25,654.39
4,88.05,1684.27,24,483.61
2,85.57,1847.93,23,523.46
4,115.8,3139.35,25,634.4
1,79.81,1423.11,6,293.15
3,113.67,2486.22,32,643.98
3,102.33,2168.83,30,570.05
5,154.61,3864.7,20,727.83
3,106.3,2286.92,49,768.1
2,71.78,1107.34,12,539.95
1,91.9,982.61,29,752.63
2,84.28,1199.72,10,360.63
5,144.37,3169.55,62,1119.62
2,83.23,627.02,47,688.82
1,79.98,1124.16,35,697.48
5,127.5,2384.85,46,841.76
4,90.88,2479.39,40,741.11
5,120.26,3136.86,34,712.76
1,59.73,516.83,28,494.2
5,134.34,3938.02,27,889.66
3,94.83,1725.16,41,874.86
3,90.68,2194.27,11,486.84
1,59.95,500,53,787.27
1,70.75,888.48,17,433.6
4,117.21,2170.08,20,569.99
5,123.72,2462.15,65,1067.26
3,102.17,1551.4,35,630.11
4,140.94,2781.23,57,1034.71
3,109.65,2691.58,37,682.91
4,119.07,2578.26,40,877.74
2,67.87,1006.16,30,425.07
3,121.57,2696.04,10,400.66
2,77.28,1208.72,50,745.62
5,146.37,3799.1,57,1012.55
3,97.32,1526.38,20,624.96
4,98.77,1938.12,27,574.61
3,76.76,1418.2,50,856.39
1,65.1,981.63,36,700.34
1,31.12,500,25,503.42
4,139.28,3641.77,17,799.96
4,146.69,3140.19,13,488.91
2,114.53,1772.21,35,577.27
2,107.02,2153.12,40,833.68
5,104.84,2833.67,28,384.4
1,90,1415.32,14,624.12
4,137.31,2703.4,28,608.61
2,97.86,2323.77,26,616.44
1,100.95,1670.87,25,597.77
4,107.75,3152.96,58,1018.06
2,69.81,1007.8,24,465.8
4,129.71,3373.67,60,824.21
2,82.5,1128.63,24,513.35
4,96.81,1886.11,19,488.72
4,96.06,2981.02,25,641.98
1,67.73,2088.29,26,630
1,78.18,1419.9,29,490.27
1,82,983.85,7,172.22
3,100.38,1954.54,14,663.87
3,106.33,1734.11,26,741.65
2,90.12,839.96,55,734.51
4,83.11,2047.89,36,769.81
1,61.58,1045,7,598.37
4,119.69,3081.69,32,811.49
5,140.22,3264.48,47,811.55
2,56.43,1083.35,21,417.51
3,119.45,2518.49,29,668.71
1,66.44,500,32,667.21
4,83.21,1785.97,23,676.92
2,75.73,1277.51,19,566.53
5,96.84,2548.24,61,901.49
5,115.01,3255.34,53,926.73
3,97.7,1866.85,16,713.69
4,133.2,3156.77,18,606.41
5,127.29,2859.37,42,928.73
2,124.91,2677.51,54,882.05
2,66.67,1026.29,13,505.19
4,157.09,3911.69,56,1054.11
1,64.3,568.26,4,401.83
1,84.92,1788.97,28,603.96
3,121.56,1862.46,52,918.18
3,76.68,1839.85,56,793.07
1,109.73,1750.42,27,585.95
1,109.43,1573,47,798.09
4,132.66,2779.74,54,855.82
4,64.47,1529.44,36,626.21
5,114.68,2887.8,25,625.35
4,102.94,2023.07,22,675.26
2,61,900.83,40,800.01
3,116.11,1921.6,22,607.07
2,90.3,1223.83,40,753.54
1,109.77,1584.39,27,664.25
5,126.82,2821.42,50,955.01
2,99.48,1587.4,48,775.36
3,90.4,1815.72,55,913.85
3,65.17,1232.7,28,527.19
4,126.32,2522.67,17,560.67
3,88.06,2212.64,26,586.38
4,105.4,2723.85,59,953.1
1,72.9,1176.86,30,439.14
3,134.92,2392.2,29,581.6
4,117.73,2516.94,42,635.33
1,79.76,1035.15,9,401.7
3,57.72,1102.86,49,642.76
5,130.15,3048.95,60,1158.8
2,69.88,1664.2,30,768.18
5,119.19,2905.61,32,555.05
2,99.33,2415.81,38,772.93
1,54.13,500,35,451.1
1,67.82,649.67,14,482.79
1,77.22,1341.11,36,595.17
1,47.11,712.77,49,723.37
4,92.49,2012.22,59,882.65
5,107.82,3206.47,57,1019.36
2,45.3,1161.52,56,601.54
3,86.96,1595.14,15,539.71
4,98.36,2231.56,26,610.66
2,58.92,574.96,38,676.3
5,137.32,2992.22,61,1212.34
2,83.9,1037.75,26,585.08
4,108.37,2410.64,40,535.53
1,48.68,603.45,29,336.93
1,75.6,844.26,52,831.09
1,31.38,500,21,499.12
5,138.16,3306.65,38,727.2
3,113.01,2558.92,50,926.57
2,90.73,933.56,46,939.17
5,125.19,2475.54,43,905.38
5,131.28,3089.35,32,775.88
3,92.95,1805.41,30,677.35
4,83.69,2359.56,38,754.15
2,97.8,2124.54,51,973.68
1,67.09,855.98,9,532.41
4,126.35,2725.34,44,714.71
4,146.1,2939.32,31,748.08
3,101.43,1607.45,44,858.53
1,69.37,500,5,396.27
2,68.34,1710.44,8,409.05
1,98.17,1352.34,31,746.61
2,63.14,1572.92,47,621.41
2,72.49,1169.12,31,644.34
5,129.29,2620.82,25,728.67
3,111.29,2280.87,30,749.79
1,67.23,1035.71,48,735.91
3,113.42,1863.75,20,512.73
1,84.06,1319.36,5,434.32
4,109.82,2716.65,50,926.92
2,70.01,1187.73,40,710.4
3,96.1,2079.38,37,737.05
5,151.67,3510.68,23,586.97
3,125.1,2300.77,22,651.26
5,80.74,2268.82,60,764.88
4,129.95,3352.61,35,890.54
3,96.78,2352.6,57,879.53
2,82.16,1539.37,43,681.73
5,100.19,3168.62,52,874.21
1,65.35,500,32,562.87
4,128.47,3059.15,54,979.59
3,87.23,2405.45,39,798.5
5,131.5,2727.95,61,1138.23
3,122.73,2375.27,26,679.27
2,68.22,779.78,25,365.2
5,119.87,3103.34,27,487.92
2,49.02,500,35,584.11
3,90.25,1311.26,48,704.11
4,94.15,1253.81,41,793.08
5,119.67,2633.81,36,776.64
4,105.46,2003.85,38,925.62
4,104.8,2394.4,14,343.11
4,134.68,3091.03,42,576.97
1,74.44,1773.96,34,737.5
4,97.31,1978.38,50,921.49
1,67.1,757.17,14,589.54
3,79.66,1745.6,36,554.95
2,47.06,658,30,624.17
2,58.07,988.73,47,718.2
1,69.68,996.95,20,706.37
5,105.6,3042.76,17,523.35
5,103.34,1829.63,49,882.05
3,109.61,1991.77,56,954.2
5,93.93,2387.6,31,688.75
2,98.34,2095.52,25,557.1
1,72.47,1065.61,39,661.09
2,93.28,1552.63,55,882.54
2,70.89,500,22,459.95
4,93.35,1900,34,833.72
3,88.34,1612.75,12,527.89
3,97.94,2160.3,54,1009.29
5,111.65,3515.1,56,969.06
2,100.86,1425.46,14,399.78
2,107.27,1495.41,13,449.2
5,150.11,3406.62,52,752.26
3,112.24,2251.24,54,973.33
3,73.56,1447.37,36,686.3
1,77.61,784.2,29,704.01
4,91.24,1761.16,60,913.02
3,86.41,1842.68,21,463.02
2,87.24,1596.71,42,703.63
4,94.3,2588.51,53,837.99
1,84.67,1064.32,44,866.78
3,86.28,1522.85,24,651.79
3,68.47,2035.42,40,690.16
3,126.75,2296.35,44,1098.49
4,110.37,2188.44,43,808.68
4,139.91,3376.06,59,1052.76
3,92.15,1284.25,33,760.29
3,66.21,1844.95,26,377.7
1,77.95,724.21,44,637.59
3,77.92,2048.35,46,895.14
2,116.6,2236.22,43,1057.84
4,79.98,2185.64,23,738.35
4,84.28,1585.09,51,797.08
5,105.02,1956.87,16,463.56
5,122.08,3030.35,47,739.54
4,80.19,1606.73,42,828.38
5,131.85,2934.15,21,555.47
5,114.4,2969.28,23,648.74
3,80.92,514.68,30,811.62
5,165.25,3679.22,27,737.3
4,107.57,1948.56,37,732.65
2,90.83,1887.04,44,757.35
5,102.57,2814.37,22,571.04
1,73.01,719.66,51,716.51
3,84.7,1631.58,25,464.94
1,44.18,500,35,676.78
3,127.43,2154.91,13,529.85
5,133.42,2592.93,48,891.63
5,116.81,2942.53,48,855.11
2,73.94,1442.57,25,505.24
2,78.46,1706.84,55,784.24
3,99.21,2299.94,38,691.67
3,112.97,2881.47,29,596.72
5,155.14,3364.03,24,837.66
5,113.37,3103.1,48,961.92
2,70.41,1386.4,48,733.41
4,100.32,2780.24,29,569.22
1,86.85,1081.66,30,690.8
5,138.42,3053.6,65,1209.23
5,145.81,2981.04,50,950.57
1,73.24,942.7,23,377.45
4,97.36,1755.92,21,606.26
4,73.59,2200.02,58,833.93
2,68.61,1171.09,30,568.7
1,54.02,699.7,11,313.89
2,103.4,2824.14,54,1002.27
2,119.43,1763.18,42,777.91
2,100.22,1349,40,864.25
1,45.48,678.41,13,380.55
5,110.75,2403.73,36,769.83
1,58.62,500,6,330.51
4,105.68,2487.6,15,480.77
4,93.62,2032.94,20,507.78
5,132.46,2987.87,29,658.98
3,109.59,2334.86,55,958.72
5,167.51,4330.03,34,778.86
4,138.53,3598.25,36,768.81
3,89.78,1354.83,25,638.09
1,109.93,752.05,13,306.07
5,115.29,2368.12,63,1012.85
3,83.82,1459.23,55,872.66
4,125.13,2598.24,33,739.45
1,84.56,920.07,6,653.21
1,86.38,1500.63,11,468.61
2,104.83,1867.42,39,698.19
1,55.61,805.52,24,402.15
2,81.5,1251.33,22,538.72
3,117.3,2704.74,58,996.81
5,128.79,2701.52,35,590.81
3,76.51,1893.91,26,492.6
4,126.01,2062.82,33,622.48
5,127.94,3100.15,43,685.72
1,71.83,909.16,8,377.48
5,113.06,3379.28,63,1013.26
2,107.44,1467.56,55,964.44
5,121.97,2503.86,30,637.16
1,111.78,1762.83,49,948.64
1,83.82,1257.4,44,657.75
2,73.17,810.34,49,716.17
2,80.51,1134.44,50,829.73
3,117.24,1496.49,55,971.03
5,140.81,3069.37,36,894.11
2,101.93,1729.32,22,633.65
1,78.84,1165.88,29,510.21
2,101.72,2001.48,10,593.14
1,80.97,1661.42,10,390.2
2,116.28,1824.68,15,549.66
4,86.58,1711.75,53,803.44
5,117.77,1830.87,59,986.55
4,114.59,1906.54,18,629.89
1,70.64,532.48,24,537.01
5,144.89,3239.56,53,1113.88
5,140.12,3636.2,17,569.37
4,121.16,2988.5,18,615.15
1,66.11,500,19,475.65
1,52.21,500,15,369.81
2,117.92,2052.98,29,589.63
1,103.14,864.02,34,622.16
1,79.34,1140.53,36,640.15
5,89.06,2199.92,30,684.05
1,71.18,1296.17,45,665.07
4,135.11,3304.68,30,624.36
5,122.73,3081.85,53,1030.8
3,87.52,2231.84,10,395.62
5,138.44,2780.07,53,863.99
3,128.15,2215.37,48,868.93
2,93.4,1177.48,30,588.53
1,68.83,1130.05,5,404.2
3,103.19,1976.39,31,712.48
4,99.28,2024.62,38,760.1
2,60.28,1031.49,27,664.71
1,54.33,500,43,721.28
2,112.76,1757.54,49,795.27
4,114.2,2665.65,54,1023.65
4,134.4,2812.83,19,545.29
5,106.44,3102.07,59,1024.8
5,113.27,2718.39,45,561.98
4,113.91,2720.44,15,427.81
5,143.25,3461.07,22,588.57
2,88.81,1464.9,7,274.67
5,142.7,3192.76,34,879.09
4,93.89,2724.52,55,1054.74
5,99.97,2358.4,39,768.23
1,94.99,1359.59,36,580.6
3,120.28,2312.06,12,424.19
1,71.78,1181.83,6,626.47
1,72.18,500,40,669.91
2,76.44,1073.94,22,698.96
3,99.92,1753.89,24,445.49
4,114.77,2754.67,45,970.76
1,73.68,710.23,5,392.62
3,97.66,1614.01,22,557.05
4,118.72,2310.98,15,621.55
4,112.58,2463.22,59,1024.09
2,96.72,1370.57,54,841.87
4,108.66,2398.17,35,636.89
2,68.25,1613.81,51,784.17
1,75.4,795.53,6,502.17
2,78.01,968.1,35,719.56
4,142.92,3334.93,49,752.77
2,57.06,701.53,32,427.92
4,95.61,2037.78,28,794.88
2,95.89,1770.1,12,507.02
5,154.3,3888.42,48,843
5,137.81,3586.48,32,846.96
4,91.53,1882.36,39,885.32
3,112.4,2633.81,33,568.37
1,62.93,759.76,18,671.86
4,96.7,2136.51,21,522.02
4,141.84,3049.21,30,732.43
4,125.36,2699.7,20,460.65
2,132.55,2008.29,41,907.81
5,111.88,2760.3,62,909.79
3,117.9,1868.63,18,573.11
2,84.08,1199.83,50,812.13
5,127.5,2806.94,48,1003.95
4,102.73,2711.72,43,826.94
3,94.6,2118.21,59,899.14
4,138.1,2273.99,29,619.52
1,74.02,1294.03,53,825.92
2,105.31,2084.34,20,461.49
1,80.9,819.26,40,653.33
3,99.01,2081.55,13,516.76
3,93.15,1870,32,617.72
4,124.42,3087.95,50,784.37
1,48.06,500,29,509.01
5,87.86,2387.36,64,805.36
3,109.57,2318.15,24,750.87
5,132.05,2994.83,53,959.63
1,68.61,917.81,14,387.58
2,91.06,1574.79,43,908.74
1,113.24,1675.26,51,864.8
2,100.23,1405.27,39,665.88
4,143.09,2420.96,30,546.27
3,85.23,2162.88,26,493.22
2,87.58,1687.69,13,581.47
3,97.71,2595.05,28,697.67
3,109.51,2807.65,15,575.76
5,115.59,2308.25,46,879.22
2,89.55,1117.19,55,900.1
1,75,500,28,553.64
2,96.77,1485.77,38,652.39
2,89.59,1069.22,36,680.36
2,91.11,1413.43,31,663.15
4,91.21,2709.03,31,559.63
4,120.61,2586.53,59,1078.16
1,91.03,616.06,13,527.53
4,102.43,2722.96,23,603.82
2,129.11,2329.16,31,966.68
3,123.51,2231.81,21,838.68
4,85.78,2362.95,44,867.7
3,98.41,1509.54,10,481.53
1,74.79,1338.29,21,540.46
5,85.55,1615.23,53,840.04
2,82.52,1845.98,34,625.11
3,110.92,1965.67,40,787.96
4,137.04,2262.67,38,829.77
3,78.87,1463,27,387.41
1,74.59,1378.38,10,401.29
1,94.44,1487.83,27,651.85
5,119.22,2680.75,36,752.54
2,99.91,2312.94,45,794.47
2,131.58,2279.68,9,221.46
2,115.52,1906.16,23,690.03
5,123.96,3016.13,28,684.7
5,142.53,2876.88,53,1030.31
2,74.77,579.82,22,441.85
2,63.69,903.66,34,674.03
2,72.4,1693.89,16,529.72
3,69.57,944.7,31,533.07
1,59.42,760.34,49,760.45
4,109.32,2156.07,22,636.05
2,81.19,1186.92,27,711.87
4,122.28,2519.82,54,846.93
4,129.65,3214.6,60,977.13
3,123.55,2271.42,45,696.28
1,68.28,521.9,33,521.71
5,167.22,3865.28,46,813.95
4,77.33,2549.02,22,419.27
5,102.05,2952.41,16,435.25
5,128.49,3015.27,42,899.45
3,61.8,1858.71,34,558.07
2,90.69,1587.05,27,635.38
5,114.4,2817.26,44,766.7
2,30,500,8,488.41
5,163.44,3899.52,21,522.7
1,104.88,1345.02,4,301.52
3,87.69,1670.07,56,808.47
1,83.49,1214.53,31,739.78
1,64.24,540.91,17,408.38
5,126.13,2654.3,36,699.95
2,121.25,1923.34,39,830.94
3,81.74,1591.14,19,385.15
2,69.53,880.9,12,492.21
4,134.52,2265.63,42,930.84
1,83.56,500,38,804.38
1,86.63,1497.09,13,494.32
4,106.16,2168.12,52,817.02
3,75.38,1671.77,20,484.85
2,128.07,1581.68,17,562.79
4,137.9,3629.25,60,1029.65
2,95.78,1473.64,13,569.84
2,83.77,1735.77,55,1020.16
2,122.16,2129.04,42,837.72
5,141.51,3692.95,61,1096.78
5,113.13,2814.17,64,1039.67
5,117.97,2722.78,49,841.27
5,173.74,4404.47,17,548.2
5,126.53,3926.18,64,1161.94
1,52.13,500,5,311.69
1,65.67,500,50,764.95
1,83.54,1142.77,34,559.59
1,66.66,980.83,23,692.1
1,80.54,500,50,813.68
4,122.7,2740.64,32,782.15
2,60.96,1269.24,14,505.73
4,116.44,2534.7,45,884.23
4,117.41,2465.64,40,813.58
4,141.52,2613.1,40,690.36
4,142.55,3744.84,48,884.85
4,145.64,2982.01,59,1104.52
3,87.66,2100.84,28,653.74
1,84.02,1441.08,44,1119.27
2,102.12,2200.58,9,509.34
2,116.14,2743.42,11,515.46
1,101.2,1214.77,25,704.26
1,79.03,500,32,635.49
3,76.91,1548.32,50,900.8
1,49.87,500,9,510.22
2,113.15,2221.99,12,548.76
4,110.02,2466.54,23,548.84
4,118.8,2683.72,52,910.66
4,86.83,1886.68,23,418.99
1,92.58,1231.05,44,850.23
3,99.27,1628.16,35,755.14
3,94.23,2376.75,35,784.76
4,131.28,3075.23,25,559.63
5,142.6,3158.63,65,869.73
3,91.4,1822.07,26,738.71
2,89.21,1325.22,53,852.65
3,40.72,1086.02,53,456.35
3,74.4,1635.77,22,549.21
3,123.73,2824.93,53,826.8
5,131.29,3235.67,31,629.04
5,149.9,3732.42,21,538.96
2,93.79,1666.11,41,860.36
1,75,500,7,437.24
1,103.49,1568.88,50,844.68
1,40.89,587.78,8,269.67
1,43.36,500,7,496.56
1,84.77,558.52,11,356.41
4,102.13,2699.45,44,657.42
5,117.49,2900.27,56,1080.98
1,78.19,1033.09,16,455.04
4,119.88,3180.98,20,494.65
2,94.91,1543.52,40,585.44
3,89.97,2727,55,764.81
2,76.76,1741.04,21,374.58
3,95.13,2130.93,34,723.33
5,124.07,2647.4,34,597.53
1,87.4,1299.85,30,598.64
4,99.35,1659.87,23,573.79
4,109.69,2401.01,22,680.05
1,73.28,1393.59,32,519
3,108.12,1693.11,32,724.25
4,135.73,3558.54,34,707.38
2,115,1734.35,19,415.66
3,63.92,1196.9,44,648.49
3,60.55,1688.26,22,448.75
3,110.93,2286.11,52,1036.21
5,121.08,2814.64,26,434.5
5,120.7,3526.95,64,814.56
4,129.46,3008.6,57,1134.94
2,98.43,1472.77,55,1016.27
4,106.08,2681.96,33,682.21
2,73.32,1246.57,37,749.89
2,95.97,1358.92,52,977.86
2,61.73,909.6,48,610
5,109.56,3253.59,37,674.63
1,65.56,500,4,290.64
2,76.91,1255.91,31,647.38
1,81.1,1317.56,20,547.1
3,103.37,1402.59,22,374.1
2,119.99,1541.44,33,688.27
5,150.34,2614.56,40,863.97
2,80.41,1800.79,46,740.45
2,87.96,1459.11,44,704.77
1,55.38,500,36,643.36
2,119.9,1690.4,41,963.93
3,98.47,2584.12,30,578.02
1,79.28,1044.42,22,624.32
3,86.54,1475.51,22,480.32
2,111.01,1493.48,11,357.32
5,144.3,3104.15,50,1059.49
5,129.61,2795.19,35,712.81
3,89.03,1931.92,48,716.43
4,138.85,3101.76,52,1024.82
5,151.26,3361.88,35,758.34
3,100.75,1553.09,15,612.97
5,148.54,3385.04,16,591.79
5,131.93,3318.88,51,941.19
1,52.89,1007.25,53,762.04
1,60.12,601.99,50,763.03
2,59.26,953.88,30,657.74
3,98.73,2384.74,56,1058
2,97.43,2047.44,50,712.1
5,95.93,2911,30,730.77
5,127.02,2834.03,17,411.71
2,61.2,1010.97,28,487.7
2,73.03,1204.7,29,687.4
3,94.11,2191.8,26,575.43
1,86.77,989.17,19,640.63
3,96.39,2020.38,58,855.07
4,112.13,2575.43,31,599.96
2,79.51,898.08,37,600.88
5,105.54,3151.35,52,958.5
3,127.59,2461.36,43,760.13
5,132.76,3349.99,52,943.87
3,103.1,1660.17,17,410.12
4,136.87,2237.88,20,704.04
4,131.11,2722.47,35,765.63
2,45.35,500,43,559.53
2,112.67,2114.89,19,775.15
5,100.6,2161.17,41,921.2
3,95.71,1928.66,20,451.21
5,149.92,3355.87,41,775.39
5,143.24,3291.26,20,665.91
5,133.89,3039.31,45,980.59
4,105.15,2066.95,59,954.8
5,136.91,2855.8,38,783.98
4,102.13,1937.64,34,726.15
2,89.34,773.63,29,626.29
5,121.95,3406.88,26,732.79
5,126.49,3589.42,25,581
3,61.3,2103.3,15,386.33
2,110.3,2026.79,48,727.65
1,99.44,851.38,11,617.19
4,114.99,2455.39,62,922.3
2,53.9,1138.2,49,843.07
4,99.31,2210.49,19,495.19
4,137.55,2623.38,44,939.2
4,107.51,2509,44,906
4,134.57,3289.53,54,1060.4
3,98.01,1289.11,46,863.09
5,152.34,3433.87,59,1219.09
1,113.68,769.85,39,658.91
3,110.77,1818.89,36,629.32
5,110.71,2360.45,19,572.61
4,129.11,2729.08,53,783.43
5,132.44,3560.6,60,1058.57
2,73.43,1278.29,39,520.33
5,137.15,3544.2,54,1162.33
1,68.2,616.12,13,485.19
3,72.86,1481.07,48,846.27
5,119.43,3028.06,25,565.94
3,125.37,2070.84,34,838.61
3,87.14,1678.02,50,624.96
4,105.56,1867.48,16,657.43
3,67.38,1419.39,52,642.69
1,82.15,910.5,43,983.82
3,96.37,1598.12,47,706.36
3,94.07,1349.91,14,556.15
3,128.86,2998.13,37,902.62
5,121.24,3188.37,29,735.48
5,107.52,3677.22,45,803.32
5,132.36,2904.89,52,1111.36
4,138.63,2942.43,33,903.42
4,138.44,3839.34,21,568.46
5,136.71,3430.07,48,973.89
3,112.8,2710.77,18,622.9
2,79.96,1634.32,32,544.6
4,138.94,3153.42,34,756.97
2,66.92,554.61,16,644.19
4,134.81,2912.88,31,663.7
5,144.94,3553.34,64,1135.25
2,61.61,832.69,12,386.15
4,101.76,2407.31,59,1162.91
4,111.27,2391.6,30,622.8
3,92.56,795.55,14,515.69
1,80.37,1653.8,43,890.89
2,79.49,1490.92,32,707.96
3,104.36,2057.43,13,528.87
4,129.07,2724.1,42,892.35
1,84.98,1085.34,37,737.43
3,105.69,2985.45,43,814.6
5,128.95,3113,58,1001.6
3,79.11,1215.84,55,782.73
1,62.15,1031.99,34,722.55
2,59.98,1334.11,56,745.12
2,76.98,1186.71,35,670.53
2,73.8,1295.64,14,323.5
4,122.94,2852.41,47,948.13
3,105,1629.04,55,957.81
5,118.13,2765.77,50,615.63
1,82.46,1200.03,30,480.47
5,125.76,2910.07,31,683.94
4,72.49,1781.66,47,785.84
3,104.21,3183.46,19,609.69
4,118.99,2135.21,55,811.92
3,99.28,2443.22,49,841.17
3,117.08,2534.67,19,686.21
1,79.59,923.36,25,370.9
2,87.42,1286.59,40,428.05
1,65.89,830.62,32,811.38
4,107.7,2809.45,17,614.91
2,115.6,2650.85,11,355.89
2,99.55,1864.45,38,798.07
5,149.99,4224.77,37,794.77
3,102.12,1893.22,38,836.27
4,89.58,2124.66,50,817.32
1,77.94,500,47,839.93
5,136.53,2569.84,27,646.45
2,87.82,1446.34,53,822.45
2,97.11,1175.78,18,631.95
2,90.02,1932.66,53,747.5
2,87.07,1562.23,29,502.8
2,62.14,892.67,22,567.41
2,76.56,1546.16,37,710.52
1,83.67,1235.81,44,606.49
5,99.81,2647.23,36,555.31
4,112.07,3280.26,48,823.34
5,153.76,3442.75,39,875.77
4,80.16,1957.56,42,711.88
5,124.48,3018.09,28,583.15
2,99.65,2343.59,54,877.66
3,110,1624.86,40,911.43
1,71.68,752.7,11,440.75
2,94.93,1010.44,38,701.96
5,107.91,2848.64,22,623.94
2,85.6,1745.94,41,628.48
2,85.08,2090.69,24,510.24
4,120.81,3003.18,32,712
3,71.52,1886.13,25,521.16
2,72.69,1041.09,55,738.93
3,71.47,1592.49,49,857.41
5,108.58,2153.32,51,896.56
1,60.97,500,38,686.58
5,178.31,4113.84,40,1065.89
1,89.67,1461.87,25,448.24
1,94.17,1140.94,48,763.5
5,145.31,3256.9,51,853.45
3,95.2,2563.98,55,957.01
4,127.35,2516.46,15,585.53
1,59.89,1098.02,37,710.12
1,94.48,1572.74,5,334.62
5,133.9,3143.64,33,768.38
1,72.09,1112.67,9,455.77
2,106.94,1799.13,54,884.82
2,118.01,2061.63,37,827.36
5,108.23,2618.2,62,995.87
3,106.42,2199.82,22,418.85
5,97.19,2786.04,61,899.47
5,151.9,3381.23,19,583.51
3,67.77,1760.15,23,480.31
4,109.89,2748.51,60,1031.1
5,105.81,3079.6,17,391.06
1,74.57,763.29,12,490.71
1,79.54,1799.5,14,569.8
4,112.68,1998.24,21,390.77
5,159.12,3837.89,49,944.6
4,89.95,2464.93,40,767.04
5,153.57,3697.56,46,864.85
2,96.91,2120.31,12,475.16
3,147.44,2585.28,59,1047.14
2,110.84,2252.28,34,434.09
4,83.03,2025.56,43,668.42
5,123.09,3067.96,24,644.33
2,105.77,2125.46,49,775.95
1,114.28,1426.73,42,991.37
2,104.4,1034.86,12,513.39
3,107.99,2115.31,47,883.36
4,114.48,2674.46,25,735.48
4,115.34,2464.5,58,1043.2
4,139.22,2483.16,17,661.94
2,102.48,1839.3,20,518.71
5,113.53,2293.46,34,838.35
1,63.52,853.89,17,381.86
3,105.02,2159.14,13,536.07
4,132.54,2152.57,35,932.93
3,120.9,2652.74,52,728.01
5,118.63,3163,29,764.91
1,75.55,1031.09,46,792.5
1,82.21,1162.71,25,373.41
3,117.04,2304.7,45,752.76
1,69.72,689.88,40,831.8
3,86.19,2066.96,10,366.64
5,94.17,2708.7,40,882.09
4,135.87,2360.25,44,771.08
2,79.49,1559.52,51,844.91
3,104.03,1479.57,48,897.66
1,76.95,979.06,33,736.82
1,91.62,2022.89,18,380.62
5,107.63,2973.31,57,948.08
1,77.15,500,36,417.36
5,157.11,3485.43,42,777.57
2,94.25,1012.84,25,370.27
1,90.32,1068.36,26,575.62
1,73.44,1357.61,7,561.93
2,118.72,2598.05,26,720.96
2,110.6,1744.86,52,939.32
1,94.66,1655.41,4,374.7
2,97.73,2709.17,9,429.82
3,86.34,1825.29,32,643.56
1,74.52,1520.85,38,663.88
2,116.29,2036.43,12,326.25
2,64.79,1382.33,28,542.71
4,99.84,1713.56,28,606.89
3,96.64,1222.45,32,663.81
1,47.12,641.31,30,585.66
4,96.2,1866.22,35,628.43
4,130.5,2594.22,54,950.22
4,128.97,2514.69,62,1147.47
1,83.29,1428.12,36,903.38
4,123.62,2309.21,25,655.98
1,68.12,752.93,8,360.53
2,80.26,1221.09,12,555.99
5,110.22,2620.65,58,808.72
2,76.38,1378.04,25,509.41
4,112.85,2527.15,60,951.38
1,88.61,1018.35,10,491.31
4,83.95,2514.8,45,617.14
2,98.98,1232.29,13,346.66
1,92.14,1152.06,39,717.19
2,59.6,1499.94,28,403.7
4,87.97,2467.08,26,656.42
2,106.69,1548.7,35,641.68
5,142.54,3076.16,43,974.17
3,102.34,2140.98,49,790.4
5,118.86,2938.31,45,906.65
5,109.25,2203.02,25,626.11
3,92.44,1074.53,55,862.29
2,78.67,1134.88,11,314.79
5,108.11,2756.8,18,613.18
4,132.37,2835.06,40,904.02
2,68.12,1124.13,45,700.96
2,70.55,1112.81,31,620.18
1,96.86,1318.01,12,478.91
1,98.41,1607.82,10,306.58
3,86.41,2292.32,30,598.23
1,84.81,716.45,27,783.95
1,46.56,840.66,50,665.7
1,63.13,500,34,703.34
4,155.75,3140.13,29,686.67
3,97.16,2212.77,28,431.67
5,160.63,3779.96,57,948.01
4,109.53,2039.03,41,902.52
4,108.03,2516.14,14,454.13
3,111.82,2572.88,50,823.33
2,85.24,1761.85,30,472.07
3,103.29,2635.95,35,632.79
5,120.41,3215.85,38,780.24
1,83.65,500,43,902.79
5,125.76,2657.18,20,530.1
1,99.33,1852.62,28,750.96
5,140.09,2970.17,22,632.61
3,57.78,1542.54,10,436.74
1,61.71,602.24,8,426.45
2,74.01,1345.21,7,466.09
5,120.96,3008.82,59,876.6
1,37.56,500,28,422.66
5,132.28,3626.49,29,746.48
3,72.72,1106.81,25,331.6
3,84.4,1359.83,17,621.88
3,114.83,2701.22,58,948.39
3,85.88,1495.29,32,598.77
4,114.25,2539.51,44,827.85
4,123.77,2707.6,17,589.75
3,100.7,2447.75,28,802.97
4,136.35,3128.77,60,1045.69
5,101.47,2237.98,63,1007.37
2,84.62,1745.55,9,549.42
4,116.93,2648.11,30,719.77
2,64.06,737.09,41,719.11
3,124.55,2447.59,24,647.32
3,138.44,2752.21,39,779.79
2,148.46,2451.37,26,629.88
4,112.73,2748.99,20,466.71
4,120.33,2538.12,28,638.46
3,101.16,2167.91,41,848.44
3,94.62,2021.63,47,761.26
4,122.95,2853.5,52,803
3,74.49,1707.34,14,454.41
5,90.58,2727.64,21,610.3
1,107.63,1602.72,24,730.64
1,35.32,500,28,449.69
5,156.81,3731.33,37,622.5
5,112.04,3246.55,30,809.63
3,91.64,2250.67,30,608.74
4,135.35,3450.25,40,760.44
2,75.91,1491.05,44,748.51
2,89.43,1419.15,53,888.11
4,131.45,3027.9,33,663.13
1,79.49,1521.17,21,566.42
2,64.72,510.95,32,508.39
4,126.34,3261.57,43,541.48
2,107.78,1972.75,34,853.56
3,91.9,2029.95,27,655
3,80.31,1727.6,47,698.21
4,137.87,2036.04,53,1158.89
1,54.03,500,48,847.8
3,90.15,1676.25,17,657.89
2,86.03,1038.92,47,754.39
2,82.64,1499.03,15,461.32
4,127.54,2533.24,17,621.95
4,106.03,3028.17,44,860.23
3,64.48,1284.23,36,520.05
4,113.38,2430.11,17,351.91
2,74.66,500,14,676.15
5,114.17,2284.51,18,460.76
3,66.5,1492.22,26,476.48
1,63.89,500,13,508.99
3,132.34,2532.73,10,648.48
5,129.43,2352.43,61,1166.6
4,97.17,2028.48,34,731.79
3,124.77,2915.6,13,295.24
1,75.39,882.81,40,769.42
5,121.02,3247.85,40,714.81
5,108.68,1935.39,20,509.94
4,119.17,3592.79,54,898.39
1,57.28,898.47,51,668.11
1,81.92,1146.43,12,393.05
5,138.7,3096.05,31,573.44
1,30,558.2,11,415.53
2,120.35,1645.33,46,791.32
3,101.3,1926.83,58,963.47
2,70.05,874.56,47,561.84
5,123.28,3318.74,54,970.21
5,116.92,2040.18,52,965.32
2,70.03,1204.76,39,741.66
1,124.65,2165.3,49,768.93
3,88.67,1633.68,46,734.63
4,119.65,2798.01,29,388.9
4,116.74,2491.76,17,484.67
4,137.71,3298.12,39,982.94
5,126.75,3340.64,45,883.56
4,101.4,3390.77,43,843.72
4,127.57,2086.18,46,662.43
4,136.09,2886.92,56,925.53
3,87.56,1503.38,37,596.27
1,52.89,895.96,14,408.65
3,76.54,1585.32,24,401.98
4,114.21,2466.1,47,843.5
3,124.31,2140.88,45,805.63
1,79.88,1048.74,4,432.22
4,102.81,2875.94,53,655.99
3,72.98,1327.86,50,836.31
2,75.11,1471.87,42,672.53
3,120.31,2243.69,13,655.11
2,61.95,1561.72,12,476.84
4,70.18,892.63,55,820.5
2,53.68,751.84,10,552.66
3,89.39,1813.28,20,612.87
1,68.85,500,48,524.4
2,91.62,1713.38,7,415.34
2,83.66,1838.94,23,597.02
2,65.05,1125.5,45,682
3,101.62,1759.26,54,947.72
1,66.03,500,12,500.85
1,96.59,1546.89,23,556.27
5,119.65,3130.32,24,480.34
1,42.71,500,47,617.1
4,85.7,1902.48,50,837.52
1,123.8,1452.83,42,736.04
4,115.69,2578.36,43,931.64
3,102.17,2329.95,55,730
2,151.58,2325.91,36,1035.46
5,141.61,3398.96,61,1092
2,71.88,974.34,55,746.12
4,139.8,3283.49,38,762.14
5,108.99,3001.73,33,777.75
4,124.96,2917.53,39,891.14
3,78.11,1855.23,19,482.21
4,100.48,1871.84,57,818.69
1,69.51,1291.88,22,459.74
3,84.57,1829.6,56,672.78
1,32.51,500,44,703.36
5,143.48,3211.43,41,952.07
3,71.1,1123.37,53,853.7
3,118.28,2350.76,31,785.88
4,120.5,2419.08,14,536.94
1,70.99,626.22,14,412.18
5,134.38,3584.86,54,1121.11
3,83.23,1811.13,52,865.74
4,134.02,2519.67,30,498.6
4,140.85,2813.38,59,1190.21
5,135.34,3097.1,58,999.12
2,81.1,1113.39,38,713.02
5,86.85,3018.85,59,731.63
1,55.38,500,6,270.96
3,115.87,1930.41,31,692.92
1,85.53,994.01,32,700.89
5,111.1,2863.44,48,666.11
3,95.13,2368.28,58,867.52
1,64.87,500,36,616.55
1,83.61,1558.29,11,438
4,129.07,2932.78,51,972.92
5,118.53,2437.7,43,647.96
5,136.82,3123.41,38,789.8
1,94.15,1945.38,6,490.12
3,97.16,1561.38,20,456.54
4,112.9,3055.95,55,828.46
2,76.33,1516.79,51,736.17
2,104.9,1951.54,21,533.17
3,134.97,2570.3,39,885.92
1,45.7,609.11,16,545.83
2,116.86,2435.24,13,514.17
2,86.13,1412.86,38,731.17
1,54.8,500,46,658.54
1,66.33,500,8,376
2,88.84,1959.42,27,523.28
3,114.18,2081.7,55,1035.75
2,84.98,1185.48,9,435.14
2,78.41,1576.08,7,291.6
3,133.7,2332.06,58,1000.84
3,118.05,2533.23,51,1125.81
2,93.48,2137.71,34,705.83
5,104.6,2053.68,55,833.45
3,103.47,2071.96,52,950.76
5,127.99,2757.42,43,960.76
2,96.3,1713.95,28,719.82
1,87.46,1620.31,27,673.8
2,61.1,999.75,7,489.68
4,125.69,2451.04,31,711.01
2,83.59,1621.19,27,513.37
2,105.21,1433.67,18,456.13
2,75.14,1501,12,447.72
2,85.04,1282.71,19,473.39
1,103.38,1200.07,48,883.33
5,123.78,3047,16,534.54
2,98.31,2057.8,18,458.92
3,123.63,1757.27,45,969.54
2,58.95,940.87,37,628.12
1,57.94,500,14,545.09
1,84.9,1639.35,47,941.01
2,107.19,1481.83,56,730.22
4,102.88,1740.42,58,740.55
3,140.74,2768.19,43,841.29
4,70.04,1812.03,35,634.35
2,113.79,1381.16,27,607.9
5,115.33,2382.63,43,777.88
3,116.1,2114.55,37,611.14
3,108.24,2507.05,13,511.49
4,137.21,2507.66,39,776.03
5,131.67,3367.94,18,504.13
5,129.04,2361.04,52,891.79
4,100.08,2533.01,24,679.04
5,155.97,3410.64,33,763.13
1,94.11,500,9,376.76
2,57.58,885.19,17,436.09
1,90.9,1386.33,41,668.41
1,120.76,1875.4,24,696.28
2,67.83,944.06,38,581.53
2,109.5,1702.45,54,819.87
3,98.74,1852.82,51,931.02
3,115.28,2524.15,17,410.33
3,95.9,1483.6,58,1073.21
4,147.64,2890.2,49,987.16
3,99.1,2732.69,17,533.87
5,98.31,2243.31,53,1088.72
5,115.81,2609.99,44,807.12
2,88.64,1858.27,37,750.21
5,106.36,2568.51,23,602.31
4,91.52,1956.8,19,578.12
2,97.25,1284.57,43,847.08
4,99.54,2712.19,39,793.65
3,117.6,1550.55,11,422.09
4,123.46,2704.6,32,659.87
2,101.52,2056.42,50,791.45
4,126.88,2483.9,57,1011.11
3,147.71,2802.81,20,925.58
5,144.16,3132.03,45,766.7
4,122.08,2828.32,23,548.21
1,30,612.77,50,718.05
5,134.31,3413.79,57,1054.03
4,121.72,2331.39,54,1110.05
1,55.13,1146.2,34,685.37
1,52.03,500,15,407.98
3,94.28,2154.77,10,371.48
4,100.17,2209.65,40,831.45
4,118.46,1698.2,32,741.65
3,119.87,2415.54,51,809.19
5,173.38,4262.45,55,1062.99
3,114.7,2297.56,53,884.51
3,116.18,2488.53,33,686.83
4,118.08,2568.89,41,724.18
2,78.12,1556.82,45,866.22
2,104.72,1428.79,36,801.32
2,64.09,1102.27,10,369.68
2,93.01,1992,34,733.1
5,148.21,3636.59,49,838.42
2,59.63,1099.88,44,417.31
3,112.49,2383.1,19,593.86
3,98.39,1909.55,21,718.89
4,88.84,1578,46,721.93
2,70.53,1347.19,56,821.54
1,100.82,1900.19,21,417.14
2,76.47,1539.48,35,865.39
3,76.36,1954.34,32,581.28
1,67.12,1164.27,18,409.76
1,119.91,2144.99,10,319.92
2,96.6,1558.31,56,845.64
4,83.04,2409.35,35,677.86
1,64.88,930.51,52,539.97
1,78.52,2073.13,13,368.02
3,112.89,2424.3,49,780.62
5,135.51,2957.78,62,1060.2
1,81.41,1102.78,7,298.97
2,90.88,1579.11,53,806.42
2,77.38,1577.03,31,531.07
4,126.22,2344.36,61,1061.65
1,65.14,500,45,843.29
5,77.69,2264,18,426.01
3,105.01,2025.02,55,973.53
4,100.75,2585.07,25,704.8
4,115.54,2395.63,54,935.05
2,127.25,2009.86,12,466.11
4,121.47,2410.73,45,1047.27
3,119.23,2164.38,53,809.29
5,135.53,3061.52,27,624.51
4,106.23,2611.34,38,892.35
3,56.41,1648.24,24,539.11
2,84.75,1614.96,8,481.68
4,83.06,2474.45,58,763.85
4,128.14,2862.65,16,608.65
1,92.56,1397.45,44,743.97
2,112.36,1835.53,30,628.35
1,79.64,1050.94,23,520.02
4,142.86,2939.6,13,542.9
5,132.73,3302.72,46,815.59
5,96.31,1674.29,43,761.23
3,84.54,1389.38,30,683.74
2,82.27,1681.89,46,1028.28
3,73.07,1524.55,55,748.77
4,116.11,2578.35,19,423.19
3,119.79,2451.55,23,634.09
3,70.75,1277.33,40,723.97
1,67.99,1260.1,14,382.7
4,128.87,2605.49,48,926.22
4,131.63,2599.03,42,867.02
2,65.45,905.98,40,572.1
1,53.87,1439.9,12,454.14
1,69.06,500,29,564.21
4,85.94,1485.29,61,847.53
3,86.25,2042.41,16,424.13
5,167.36,3873,41,886.88
5,127.93,3226.33,64,1121.92
4,110.91,3253.28,15,758.89
3,68.6,1378.86,24,463.46
4,117.84,2538.55,36,830.42
2,78.75,1693.77,43,770.46
4,119.72,2312.56,33,821.18
2,55.78,881.66,37,583.7
3,103.51,2280.44,21,573.57
3,43.38,1607.48,12,420.83
3,72.35,1898.35,30,668.82
4,110.3,2408.13,46,769.88
5,131.39,2848.31,26,583.04
5,85.77,2174.5,23,585.71
5,132,3239.19,50,991.45
3,59.16,1051.56,45,619.33
1,87.81,1487.72,4,417.58
4,119.38,2279.63,61,950.93
1,83.23,1780.03,4,454.59
1,78.9,800.92,32,512.42
4,125.92,3019.37,46,924.35
3,130.68,3445.37,54,986.6
2,98.23,908.37,52,712.82
1,101.46,1383.27,49,998.61
4,105.64,2121.05,23,472.48
1,58.54,586.63,26,683.73
2,47.86,1346.76,41,706.88
1,102.6,1573.95,6,363.11
1,46.82,1283.83,50,720
4,97.9,1988.11,27,631.79
2,79.2,1063.14,10,630.76
4,93.61,2347.6,14,386.79
5,141.76,3547.5,35,829.83
5,116.56,3058.7,16,457.12
1,73.6,736.66,8,253.87
2,131.21,1814.1,9,479.42
5,124.12,2359.31,45,842.3
1,83.92,1421.44,46,923.78
3,91.78,1862.92,47,1069.61
5,130.38,2888.45,36,693.7
4,107.95,2725.03,32,626.19
1,35.26,500,9,248.38
2,90.33,1643.14,12,513.24
5,153.44,3859.01,44,1035.53
5,133.11,3385.11,34,708.18
2,128.74,1977.42,48,973.58
1,71.3,500,36,617.29
2,75.73,1362.46,43,714.33
3,121.24,2042.76,47,938.67
4,124.34,2671.25,59,987.71
2,92,1912.09,48,809.49
5,112.06,2206.74,35,737.19
2,96.57,1268.47,41,900.85
4,120.69,2458.26,56,754.76
5,158.35,4354.01,51,991.55
3,112.74,2295.37,59,984.39
3,76.47,1456.16,35,694.23
1,73.08,500,52,875.62
4,129.96,2451.78,62,1028.29
2,65.89,1148.18,42,738.34
3,97.28,1830.49,19,789.32
2,61.54,1185.76,33,744.45
5,107.92,3153.08,29,599.12
5,152.9,3062.29,43,777.06
2,86.74,1333.16,41,662.32
3,108.81,2304.3,34,651.62
2,93.81,608.44,10,378.31
5,119.75,2878.75,42,702.46
1,64.87,1023.54,26,620.06
4,111.44,2363.12,35,793.55
5,168.81,3531.62,50,883.07
4,87.82,1694,13,606.79
3,111.36,2133.91,23,725.66
5,107.79,1816.35,65,983.85
4,66.58,1425.52,24,656.02
1,50.75,500,26,457.96
1,65.59,1473.08,41,781.35
4,104.26,1977.9,38,718.37
3,101.75,2018.69,51,961.08
1,74.31,1494.87,51,700.7
3,103.28,2369.65,34,528.79
2,73.85,1461.7,44,763.6
3,105.52,1690.15,17,446.08
2,120.04,2302.74,8,475.47
3,84.36,1773.49,33,631.89
2,78.56,1609.11,24,437.36
1,76.05,1757.13,52,982.41
1,71.62,500,46,638.27
1,72.92,658.28,9,404.55
4,125.6,3023.59,30,610.88
3,118.71,2409.77,20,670.72
5,136.63,3163.19,24,675.77
1,79.24,780.88,42,604.31
5,131.66,3900.53,42,980.56
4,113.16,2417.14,57,1006.2
3,98.63,1849.93,16,343.36
2,72.04,1397.51,48,789.25
5,139.28,3075.59,54,1009.36
2,67.88,824.24,22,459.46
1,75.95,1246.03,14,688.6
2,113.51,1424.28,14,533.64
4,91.09,2247.83,31,850.48
5,177.95,4152.03,43,766.38
5,139.37,2734.15,34,737.78
4,117.49,1637.56,16,657.68
4,104.8,2741.15,58,1019.43
1,78,507.34,28,556.05
4,107.9,1861.18,26,680.04
4,109.63,2731.89,60,894.59
4,103.94,2558.31,46,1015.9
1,109.56,1742.55,53,771.36
4,135.56,4121.25,47,967.13
5,156.55,3360.93,33,672.46
5,85.4,2878.81,38,561.51
5,140.07,3096.1,46,824.27
4,86.35,1922.54,21,567.39
3,87.51,2556.34,33,819.7
5,136.8,2663.68,36,784.65
1,58.31,1184.74,18,370.89
1,58.67,964.21,50,798.83
3,102.56,1846,35,675.16
2,101.12,1021.77,51,970.33
2,94.47,1018.04,25,642.12
1,68.45,1216.02,46,655.67
3,131.25,2142.51,58,892.84
5,114.75,3001.28,22,612.5
4,85.05,1491.52,28,455.79
5,160.31,3614.68,43,873.67
1,94.67,1112.31,25,797.14
5,144.83,3793.07,20,477.06
1,60.53,946.89,23,510.36
5,151.02,4141.66,21,614.83
4,69.97,1457.47,20,631.08
1,63.64,794.29,10,203.33
5,122.5,3404.18,57,992.53
5,145.58,3550.36,45,767.65
1,65.34,691.95,8,193.05
5,104.1,3218.34,19,479.51
3,69.63,1349.7,56,769.98
1,78.16,1232.14,19,417.38
1,66.3,635.21,35,556.97
1,110.82,1834.41,4,482.85
3,82.89,2176.04,18,687.95
2,77.77,1299.79,22,470.5
1,106.31,1549.01,5,441.48
2,74.73,1600.19,51,888
4,89.66,2844.75,58,890.13
3,111.87,2305.54,35,872.45
3,72.46,1534.89,26,731.56
4,98.91,2412.19,59,793.61
1,65.64,500,7,449.31
4,100.19,2236.69,40,850.04
3,101.24,1938.71,38,672.89
2,59.42,500,23,326.86
2,122.91,2075.63,50,764.13
1,72.09,1633.15,31,573.18
2,68.64,899.52,54,867.2
2,65.01,1241.06,15,701
1,62.01,1290.26,36,494.3
4,145.77,3432.31,53,1153.26
4,114.11,2406.55,27,660.22
3,88.18,1529.97,58,881.41
5,145.7,3487.98,41,893.34
2,77.34,1854.47,35,585.53
5,145.3,2997.9,38,714.44
5,137.36,3907.72,24,660.39
1,65.01,632.73,27,583.81
4,76.92,2332.36,60,838.13
4,91.25,2426.47,61,949.35
4,94.43,1464.88,32,667.72
3,98.44,2151.37,26,367.66
4,88.14,2271.86,39,786.32
4,86.38,1518.19,31,573.13
3,88.29,1606.81,27,517.63
1,69.87,1281.61,17,646.24
3,81.43,1201.73,10,415.29
3,89.57,1459.19,34,679.62
5,133.37,3130.5,37,816.44
5,134.06,3914.48,43,840.22
1,92.97,500,7,430.61
5,115.54,2788.98,34,700.17
4,104.04,2751.18,26,510.23
4,74.2,1970.61,57,852.65
3,118.77,2025.32,17,391.95
1,83.15,972.75,46,806.92
3,85.28,1738.42,29,615.96
5,125.59,2830.31,42,794.82
1,94,1235.73,6,329.69
1,84.72,1022.59,42,743.57
1,33.4,855.74,17,363.97
4,99.21,2113.97,54,1069.24
3,74.44,1224.28,13,494.93
3,90.27,1223.9,33,624.43
1,72.99,779.06,33,621.6
4,148.46,2805.69,46,874.3
1,112.15,1926.82,46,756.79
3,82.6,1367.45,17,649.37
5,99.96,2788.1,56,855.28
5,126.15,2239.86,46,1061.25
2,78.25,1720.87,38,699.96
3,94.93,990.51,14,564.75
1,82.21,749.92,30,592.15
3,114.85,2056.64,29,605.79
2,87.41,1911.54,29,571.57
2,106.93,1626.15,40,740.79
3,112.28,3292.64,55,916.84
2,95.55,2015.18,10,457.13
3,64.32,1596.04,22,621.62
1,67.38,955.14,10,324.5
3,61.61,1565.95,56,981.4
4,117.81,2519.12,40,713.84
4,133.33,2407.49,54,1097.36
3,112.17,2160.99,30,499.7
4,106.49,2597.36,58,1095.66
1,72.59,1458.24,30,633.97
2,102.46,1770.74,13,389.25
4,137.72,3008.79,49,867.84
4,109.21,2618.01,59,982.98
3,129.37,1810.73,32,860.39
5,127.36,3419.18,35,692.9
5,90.18,2740.59,48,803.03
1,70.52,503.55,29,762.07
5,104.82,2470.7,31,737.34
3,102.21,1547.83,34,616.01
5,116.13,3303.56,20,698.73
2,98.89,1071.55,22,621.49
4,126.71,2920.12,20,498.54
2,110.75,2139.82,9,425.25
4,109.19,2989.98,23,798.83
5,113.93,2269.02,36,832.36
5,140.71,2719.45,20,706.55
4,114.53,2746.86,62,1120.44
1,88.62,1648.9,27,490.46
1,84.31,640.03,19,613.16
3,90.17,1781.46,27,623.23
5,153.95,3480.89,58,1108.49
3,81.78,2276.38,29,485.08
5,142.93,3154.31,22,646.56
3,83.72,1740.42,40,779.37
2,98.96,1814.69,19,543.83
2,97.46,1149.73,26,786.61
2,70.06,1486.43,10,422.53
3,97.1,2501.22,19,496.44
2,30,773.91,10,553.53
4,110.94,2476.93,59,956.86
4,128.05,2860.91,48,892.99
1,82.42,1585.12,39,757.38
2,100.35,1313.69,10,491.89
4,95.86,2293.79,54,989.13
1,97.93,500,45,853.68
5,95.61,2166.58,48,925.7
5,150.64,3480.53,18,569.6
1,122.4,1299.98,49,1130.33
5,116.08,3241.73,32,597.02
4,98.66,1878.63,33,730
3,98.6,1841.02,52,743.57
3,81.3,1823.72,23,542.89
3,89.28,2504.85,35,801.61
3,110.28,2339.12,18,531.38
1,88.07,1370.04,53,681.39
5,133.39,3338.26,54,1079.82
3,107.54,1989.6,51,606.77
3,102.76,1529.61,31,647.18
1,100.22,1730.62,13,387.67
4,102.72,2069.05,43,1099.52
5,127.29,3327.53,53,996.4
3,67.59,1778.82,16,646.62
3,110.41,2398.46,12,382.88
3,99.13,1937.35,21,541.5
1,76.26,500,21,743.86
2,95.42,1707.62,20,661.59
3,96.79,1658.91,48,649.51
1,80.65,500,33,572.81
3,85,1847.14,24,422.9
4,115.61,2569.68,57,1167.22
5,99.76,3265.84,48,755.79
4,111.61,2963.78,27,599.63
1,66.63,1313.43,42,715.71
4,115.22,2224.43,20,669.39
4,127.12,2750.19,22,599.02
5,108.6,2600.1,51,902.53
2,94.9,1372.23,21,626.35
2,89.53,1484.91,30,496.81
5,138.65,3445.42,43,856.7
1,71.68,662.02,46,569.38
3,81.51,2065.96,59,1007.33
5,118.14,3166.74,36,647.46
1,104.49,1574.2,19,304.58
3,81.45,1297.35,41,730.73
3,100.63,1991.3,30,772.15
1,74.71,506.9,19,664.52
1,64.93,784.97,50,731.19
5,138.37,3590.78,42,838.66
5,103.38,2945.35,31,650.45
1,101,1957.55,24,699.52
4,81.4,2185.8,19,542.58
5,135.06,2724.46,48,988.47
2,78.91,1553.74,26,436.65
5,148.61,3325.12,27,724.81
3,117.23,2475.1,46,698.4
3,69.69,988,35,873.89
3,96.97,1995.48,48,963.94
3,106.21,1658.24,10,653.24
4,118.93,2482.29,23,602.12
5,91.86,2509.21,27,512.47
5,105.4,3115.11,61,1035.18
5,153.47,3829.04,25,703.66
2,98.45,1398.3,19,702.48
3,116.44,2654.15,15,533.11
3,112.87,1267.05,40,820.36
3,90.64,1612.38,47,780.89
4,144.54,2887.18,38,941.7
3,104.41,1798.04,37,908.55
3,85.95,989.25,26,655.27
4,114.22,3152.42,48,1000.22
1,80.17,826.63,34,691.37
1,90.07,1150.82,31,684.6
4,103.91,2351.12,41,869.56
5,97.43,2864.6,43,686.88
3,115.81,2341.6,30,495.86
2,63.58,1119.39,23,604.82
3,77.02,1606.47,38,801.16
2,101.81,2154.31,7,453.23
1,71.54,833.29,18,487.25
1,61.6,694.83,10,430.09
2,111.89,1891.16,38,956.38
3,81.78,2561.67,45,748.97
5,146.45,3358.29,16,448.54
5,99.03,2908.7,19,624.24
1,105.67,1789.3,20,449.29
3,74.98,1380.38,26,690.53
3,64.4,1554.7,58,999.12
2,96.35,2293.02,26,491.02
5,139.41,2725.92,43,820.9
4,88.87,1689.7,48,776.61
3,115.91,2071.59,28,469.99
3,119.7,2569.95,55,964.61
4,98.87,1714.26,39,950.09
3,97.43,2127.1,14,567.92
2,98.16,1715.45,22,492.3
5,130.14,3340.47,26,561.99
5,114.53,3129.13,25,629.53
3,119.75,1403.77,55,960.79
1,84.8,1677.92,7,422.88
2,107.16,1286.15,29,640.35
4,99.72,2345.5,37,597.17
5,84.6,2899.05,34,672.36
1,59.84,1119.34,7,519.77
2,66.07,689.51,18,242.39
5,140.87,3262.12,57,991.91
4,119.5,1999.16,26,751.4
1,70.31,500,41,556.69
4,115.32,2414.28,52,1067.4
2,60.82,990.48,28,535.25
5,138.94,3098.3,63,1095.35
2,62.47,1307.89,34,671
1,67.56,1204.5,43,790.2
2,85.28,864.15,12,404.68
4,95.77,2522.76,58,1023.6
3,128.71,2175.61,20,637.16
1,33.56,500,9,409.44
2,111.16,2113.9,26,778.67
4,123.99,2689.33,19,408.86
2,116.64,1983.32,51,1076.88
3,112.04,1732.75,15,507.7
1,82.75,872.8,27,566.72
1,91.72,500,6,621.87
4,72.97,1253.58,60,813.14
4,96.56,2501.38,24,382.92
4,107.91,2469.41,46,982.1
3,118.83,2215.87,23,539.07
4,116.77,2476.15,20,663.24
2,81.01,1439.86,15,511.13
2,70.83,1135.49,25,370.89
1,48.5,500,41,518.67
4,96.09,2385.55,59,854.71
3,77.75,1970.9,27,698.71
5,134.66,3391.55,38,771.7
5,98.58,2570.83,29,684.7
4,106.75,3474.85,29,716.32
1,56,1990.81,28,523.75
2,100.09,854.93,47,801.34
4,110.95,2217.72,17,397.45
5,96.37,2649.55,20,538.21
3,104.72,2603.95,11,491.94
1,92.13,1056.26,35,606.78
1,111.56,1369.91,10,538.3
1,72.7,500,5,440
4,155.44,3713.64,56,833.84
5,167.3,4007.53,18,538.19
4,111.81,2609.27,55,967.76
5,133.99,2920.84,23,492.06
5,97.25,2874.35,51,828.67
1,30,500,17,263.68
5,128.96,2751.13,20,633.3
1,74.97,1208.79,6,512.03
2,114.53,1495.44,15,489.34
1,121.98,1628.18,20,545.47
3,57.51,1301.8,19,541.09
3,117.24,2434.36,29,654.88
5,130.85,3432.55,16,430.13
4,129,3155.48,26,765.77
5,116.78,2999.12,51,849.41
5,115.52,3013.64,21,535.08
5,154.98,3421.6,38,757.97
1,86.73,1285.67,30,640.4
3,92.86,1935.58,28,757.73
3,78.3,2258.98,23,575.14
5,103.82,2799.6,40,626.34
3,59.93,1092.68,52,741.31
4,91.01,2135.01,42,798.57
5,129.5,3415.42,55,861.07
3,82.81,2166.29,16,402.26
1,81.24,912.21,48,703.33
5,124.7,3200.18,61,1046.85
4,119.03,2419.22,26,769.41
2,94.09,1270.5,10,557.16
4,111.82,2602.36,53,899.6
3,92.43,2434.01,32,711.23
2,106.46,1515.01,31,464.78
5,108.79,2801.51,63,1102.7
4,113.18,2494.07,19,505.47
5,123.79,2959.06,59,991.28
2,110.48,1742.9,7,464.8
1,60.21,791.09,45,477.19
4,110.74,2418.03,57,1038.57
3,87.67,2413.57,33,617.12
1,85.04,841.03,37,885.43
2,77.7,2165.26,15,348.03
2,100.9,2419.32,50,900.06
1,78.17,1132.74,40,756.29
4,143.66,2743.86,31,724.58
4,118.25,2465.64,58,845.2
1,78.21,1520.01,47,613.35
3,95.91,1777.91,47,718.17
3,103.39,1923.7,12,565.5
5,133.18,3069.57,24,577.15
5,127.76,2978.25,65,1076.94
2,93.29,2042.22,37,564.66
3,102.29,1596.78,31,663.68
5,134.75,3390.28,54,958.86
1,67.6,1335.4,52,750.49
3,126.78,2208.2,43,858.65
2,33.63,514.74,43,488.03
1,69.38,922.45,4,424.86
1,55.81,500,35,770.76
1,74.48,1234.74,28,726.72
5,139.55,3295.59,45,1025.26
3,65.65,1427.77,52,716.92
1,95.3,1061.64,28,632.96
3,116.13,2848.45,42,806.52
1,77.56,1607.51,51,690.03
1,53.33,510.84,15,536.45
4,113.86,2795.75,27,770.95
2,83.8,1187.42,41,956.04
1,57.75,500,46,537.77
4,104.94,2951.31,40,621.73
2,85.4,1915.23,37,656.58
3,106.94,2076.47,33,647.85
2,106.77,2475,24,808.75
2,90.38,1640.61,13,456.78
1,65.95,892.38,36,721.26
3,124.06,1686.06,56,876.13
3,69.76,846.88,12,537.11
3,79.8,1206.66,14,302.55
5,133.57,2996.08,24,628.1
5,136.44,3243.3,18,609.68
1,80.24,500,52,725.74
4,94.66,2476.83,37,730.64
4,124.07,2355.5,18,508.5
3,80.09,2116.85,33,628.76
4,99.42,2585.19,62,1017.59
1,89.18,1320.94,18,546.23
4,89.96,2110.54,60,770.37
5,168.08,3751.93,41,880.68
4,117.5,3006.28,59,948.33
4,105.84,2496.99,33,615.39
5,106.79,3216.63,49,1032.55
1,52.28,600.82,25,421.15
5,93.45,3299.19,52,809.53
4,149.22,3275.38,20,486.27
4,106.96,2789.75,58,862.58
5,152.03,3175.85,18,593.02
5,143.2,4100.12,47,859.91
3,147.63,2828.74,20,748.55
1,90.23,1059.51,49,881.25
4,82.71,1336.32,13,419.05
1,68.13,1033.95,50,884.19
4,133.68,2626.1,15,243.98
3,64.75,1054.82,12,464.15
5,152.47,3000.1,50,856.87
3,114.29,2123.84,26,554.77
4,105.61,1664.14,49,791.03
2,93.98,1249.74,27,565.02
1,64.62,619,27,517.53
5,143.03,3064.23,33,842.18
3,138.14,2259.34,55,943.75
4,125.89,3204.41,37,685.04
3,108.97,2102.15,19,664.69
1,115.45,1526.18,27,561.29
1,89.47,1461.21,7,571.84
2,95.65,1897.81,45,858.53
4,130.1,3558.59,25,679.04
2,113.62,2208.08,18,696.9
5,146.98,3168.98,57,917.71
4,106.58,3383.6,38,731.47
3,133.94,1756.13,37,960.1
3,111.6,2555.29,36,580.66
4,123.4,2594.19,35,602.24
2,91.98,1195.55,22,724.12
1,70.12,869.31,39,833.7
1,61.52,726.45,34,555.94
1,82.45,500,18,645.26
2,78.94,1187.67,45,655.7
1,80.52,1531.97,42,744.35
5,119.2,2731.91,30,770.74
2,100.87,1717.14,54,890.8
3,93.68,1833.33,51,938.5
5,123.81,2436.7,36,729.94
2,78.28,1645.04,16,377.22
2,95.66,1616.19,27,660.17
2,85.09,1757.15,43,699.95
3,76.98,1651.56,52,832.32
5,144.3,3471.91,35,844.65
3,114.75,2690.86,36,524.09
3,113.05,1770.79,48,941.1
1,76.89,1515.69,28,560.35
5,138.33,2833.88,18,501.02
2,89.95,2004.21,28,446.69
3,145.64,3139.3,34,715.29
1,40.09,980.4,29,675.99
1,86.9,1089.58,43,870.11
3,104.78,1619.29,54,833.97
2,84.94,1407.6,11,409.73
2,100.58,1747.55,29,782.65
3,108.03,2451,42,888.05
3,91.3,1633.4,55,899.95
4,113.66,2247.12,16,603.81
2,106.7,2084.52,45,873.34
5,134.54,2478.46,18,762.78
3,93.19,2095.7,35,833.52
3,92.04,1756.87,59,832.01
3,91.56,1803.89,25,585.28
4,89.01,2095.55,57,967.07
5,120.53,3253.31,49,826.54
5,91.65,2420.84,63,856.53
2,68.54,998.55,23,609.51
3,119.86,2141.89,40,867.75
1,46.37,500,46,549.51
3,109.08,2213.41,37,773.05
2,96.78,2227.3,12,310.04
4,98.08,1650.16,61,936.58
4,124.65,2723.64,61,1042.39
5,110.18,3337.1,55,1021.74
3,68.64,909.25,24,405.16
3,124.19,2181.12,26,653.3
5,110.5,2298.88,50,910.37
3,102.36,1508.63,21,647.63
3,112.67,2276.89,37,693.2
2,102.01,1943.05,41,785.4
3,127.93,2216.75,31,762.21
1,94.48,1087.84,47,753.31
3,102.84,1790.33,20,545.7
5,74.78,1868.94,62,1030.2
2,80.93,1484.32,45,810.42
5,75.78,2870.49,60,926.87
1,93.16,1556.46,4,384.09
2,88.17,1725.55,36,749.09
1,67.16,579.16,40,753.32
1,34.92,500,29,504.96
4,152.22,3300.81,31,625.08
1,57.94,980.77,51,643.93
5,156.02,3142.92,20,806.51
3,114.36,2401.41,14,446.42
5,142.05,3239.94,45,885.8
3,85.69,1635.23,56,888.09
2,128.38,2322.31,47,761.24
3,74.07,2167.04,45,801.77
2,48.87,800.61,41,670.06
4,74.48,1596.64,15,452.31
2,134.42,1914.79,39,795.13
4,145.87,2883.32,54,1077.23
2,105.53,1999.27,45,761.28
5,94.98,2893.46,29,587.48
4,87.91,1652.91,43,718.98
1,113.34,2040.42,5,358.36
1,60.25,860.32,19,570.54
5,125.82,2949.16,23,820.43
2,104.05,1230.5,48,975.51
4,88.44,2347.47,32,657.41
5,142.45,3221.81,31,590.35
5,127.28,3489.73,58,1027.62
1,85.37,1200.46,5,302.45
4,118.78,2783.98,23,472.42
4,108.17,1966.14,35,834.08
1,102.12,1403.42,33,865.15
1,66.07,841.9,8,236.8
2,53.19,814.4,37,627.8
4,92.62,2526.09,41,344.25
1,88.58,1680.4,19,550.06
4,139.47,2905.76,21,698.38
3,101.23,1965.63,38,495.14
3,107.01,2344.49,37,738.6
3,97.31,2178.11,37,639.43
2,112.15,2044.76,33,703.17
1,73.32,500,7,461.32
5,131.68,3058.76,64,1103.25
2,75.67,1812.02,30,563.15
4,123.71,2758.78,52,831.14
4,130.69,3418.41,30,749.89
5,135.81,2843.91,42,874.55
1,77.13,1294.54,19,558.93
1,69.45,665.11,22,674.65
5,138.32,3828.91,61,1177.74
4,119.77,3378.85,55,956.78
3,70.1,1426.54,55,956.43
1,76.13,1183.73,14,374.59
1,76.68,1547.92,47,757.09
4,162.73,3488.14,62,1225.39
1,98.61,1355.74,8,328.74
4,122.36,2351.99,14,603.77
4,124.91,2348.24,23,711.13
3,64.69,1368.54,33,520.84
2,96.96,1933.42,39,956.92
4,102.13,1812.67,45,844.13
2,30,817.63,39,559.81
3,104.96,2188.84,23,740.83
3,123.82,2538.18,19,520.93
5,134.38,2724.64,48,717.45
3,98.52,2556.7,38,875.61
3,78.68,2019.26,59,835.91
2,60.44,1134.39,36,478.44
1,50.3,708.46,8,352.6
3,81.48,1083.25,19,387.28
1,56.47,500,11,281.95
5,112.2,2320.92,30,795.78
5,111.56,2750.56,31,545.85
4,110.9,2727.9,53,668.78
5,113.28,2134.11,54,868.62
3,130.67,2231.6,26,747.9
5,149.62,2981.07,47,806.37
4,143.89,3386.87,54,894.29
2,111.63,1924.91,37,778.2
5,128.07,3048.47,30,687.83
3,133.2,2796.06,16,812.46
4,119.77,2658.83,15,526.94
5,107.27,3140.88,35,724.92
1,61.93,1147.29,24,619.38
1,73.3,500,43,630.74
4,118.15,1965.04,36,647.76
4,98.63,2338.24,45,720.4
2,74.78,1317.22,33,573.79
4,103.58,2797.85,22,519.53
4,140.03,3501.4,37,768.93
4,130.45,2706.05,32,724.61
2,90.79,1925.39,37,830.79
3,67.7,2189,32,677.36
4,123.02,2642.41,32,770.68
4,86.35,1912.68,43,822.35
2,92.19,1416.5,39,743.35
3,85.58,1792.06,49,807.61
4,107.85,2484.21,45,789.11
4,113.16,2509.61,15,516.82
3,103.76,1786.14,10,342.27
3,85.04,1831,30,701.54
3,123.34,2553.57,41,671.64
1,89.02,643.26,9,309.15
1,116.69,1816.26,27,772.12
5,136.35,3688.39,61,1075.75
1,73.64,688.9,9,388.06
5,128.97,3448.79,24,764.53
3,77.76,1261.11,53,863.85
1,65.21,984.2,10,208.95
4,153.14,2592.65,21,553
1,82.53,1156.63,25,668.85
5,156.85,3808.36,18,635.59
4,134.29,3310.03,19,516.46
4,147.32,2769.35,60,1232.85
5,76.94,2171.58,27,649.93
1,109.75,1962.79,35,672.13
5,153.03,3433.56,55,967.2
2,63.16,1727.62,48,700.71
2,71.18,1069.72,55,808.53
5,125.73,3025.42,61,846.77
3,117.3,1983.09,32,617.79
3,124.19,2985.99,50,918.61
5,145.13,3182.85,61,1023.41
3,73.18,1686.04,16,413.19
2,99.27,1658.52,36,922.98
2,111.49,1671.24,14,436.19
5,137.36,3768.1,45,1039.23
3,93.47,1331.89,54,633.8
1,65.66,1125.92,47,745.28
3,117.35,2836.75,14,406.78
5,114.12,2341.26,47,949.03
3,106.06,1772.3,31,662.09
5,91.06,2455.33,47,801.98
1,61.98,500,15,419.04
4,90.59,2171.04,56,736.85
2,64.51,500,24,510.83
1,81.35,1051,46,914.94
2,66.2,1442.82,35,731.34
2,90.42,978.08,40,565.59
2,83.75,1568.53,21,532.31
1,89.62,1883.84,40,633.68
1,80.91,500,31,606.35
3,111.85,1595.57,11,378.34
1,54.72,995.58,32,574.97
4,100.79,1793.78,35,544.34
4,105.52,2214.08,13,658.2
3,124.47,2364.66,12,524.91
1,84.91,1431.51,39,673.65
2,63.81,1069.04,16,651.41
5,110.65,2958.34,35,748.72
3,113.01,2585.25,20,604.26
4,116.6,2418.87,53,855.36
3,97.19,1567.52,34,760.64
3,126.72,2210.31,23,437.71
2,59.24,1003.12,44,679.11
2,67.04,1154.58,45,633.19
1,93.46,1244.74,16,224.95
1,78.07,1601.73,48,849.22
4,79.34,2461.42,30,712.31
3,86.31,1730.09,17,422.89
3,88.02,1951.75,10,387.94
4,140.96,3047.16,51,1040.89
1,46.83,1092.41,43,482.32
2,74.14,2132.31,11,358.76
1,61.26,511.46,32,539.14
3,100.39,2285.41,28,675.19
5,134,3254.88,49,889.72
5,121.26,2711.35,42,909.17
3,106.92,2095.88,55,969.81
5,115.31,2567.01,43,762.27
3,124.31,2510.76,59,996.18
5,125.74,2973.07,35,739.6
5,128.61,3312.51,37,820.65
3,114.74,1934.55,31,655.07
5,126.25,2621.77,50,811.24
1,79.77,1308.46,31,738.87
1,46.02,500,53,671.4
1,56.02,1161.29,26,457.42
4,135.51,2491.33,55,934.91
5,134.74,3869.51,41,766.13
2,70.58,1505.9,32,658.97
3,83.7,1283.7,29,620.62
2,78.04,1521.5,39,785.62
3,93.06,2127.39,56,1014.18
2,83.95,1027.99,36,911.92
3,85.79,2464.4,15,472.38
5,105.47,2547.9,20,633.64
1,88.63,1498.03,33,563.4
1,53.32,728.87,43,551.38
3,104.88,2195.19,24,598.46
3,84.03,1654.84,35,673.17
1,93.5,914.33,27,520.28
1,67.67,500,5,345.78
2,86.56,1388.34,21,467.81
1,87.4,1704.01,41,651.73
5,114.99,2820.31,54,899.06
3,74.62,1330.88,58,878.36
4,65.7,2112.81,29,558.29
5,129.42,2876.9,22,598.8
5,100.42,2112.74,28,701.92
2,132.63,2416.71,15,497.67
2,67.36,1311.02,35,692.64
5,123.01,2391.69,64,1014.51
3,97.24,1980.15,19,579.81
4,95.1,2927.13,44,771.19
5,110.56,2935.91,18,420.68
2,81.98,823.61,32,709.31
5,150.7,2705.34,24,506.91
5,95.73,2725.29,30,684.98
2,94.23,1804.33,14,543.64
3,135.16,2807.75,13,575.24
2,91.79,1785.7,52,782.79
1,68.57,829.89,40,582.63
2,92.41,1930.41,16,421.56
5,145.38,3068.58,39,742.06
5,143.51,3262.96,32,525.21
5,111.21,2207.4,19,464.46
3,120.86,2266.41,37,707.97
2,112.69,1646.96,11,565.25
3,135.8,2392.08,55,1014.56
4,115.38,2753.17,22,544.81
2,80.55,1614.69,20,597.36
3,104.55,1940.48,37,885.35
1,74.82,618.85,16,412.66
4,80.01,1878.65,33,472.13
1,50.44,500,34,547.44
1,84.96,500,40,802.33
2,100.06,2663.01,45,966.79
3,104.36,1327.76,26,721.95
2,67.78,1153.11,12,407.19
3,120.68,2833.52,28,662.23
5,171.94,3256.77,36,515.8
5,96.92,2325.45,36,588.87
5,137.38,3897.72,51,1032.73
4,132.89,2885.18,22,568.81
1,75.35,1116.28,7,352.77
3,100.07,2325.91,12,556.34
5,104.98,2656.45,63,1108.25
4,115.59,2998.74,27,637.5
2,93.64,1575.79,14,446.19
1,99.45,1238.13,47,731.18
5,118.57,2973.38,45,1060.1
4,117.94,2684.32,25,602.83
4,109.23,2411.05,56,930.52
1,88.98,1241.31,4,271.75
2,73.7,1345.7,26,481.34
4,114.04,2472.2,35,719.23
1,73.13,704.54,33,523.06
5,107.35,2778.53,42,769.65
2,65.88,1328.59,52,796.53
2,100.84,1393.53,11,324.07
1,80.39,1090.25,43,847.04
4,99.7,2659.41,25,613.19
5,120.18,3366.24,20,707.72
3,109.09,2419.47,30,598.91
1,75.2,987.38,31,805.92
2,97.97,1399.56,19,573.24
4,106.69,2084.77,13,589.97
1,67.07,500,11,487.49
1,52.61,500,27,576.57
3,115.19,2185.06,42,920.95
2,64.2,949.15,30,845.84
4,88.44,2105.48,49,827.49
3,75.42,2022.27,47,622.12
3,104.43,1826.03,11,511.57
2,114.76,2362.78,20,636.79
4,106.87,2401.51,29,536.66
2,68.26,500,50,776.94
5,133.42,2912,50,801.92
1,45.12,788.67,19,320.19
2,73.84,1199.65,34,813.28
5,179.29,4063.96,58,1050.31
3,61.4,1649.96,58,843.87
1,66.03,960,21,514.74
2,73.78,1478.07,32,511.36
5,114.81,2455.15,20,665.36
3,105.23,1420.91,31,463.54
1,86.92,1432.91,5,263.51
3,102.84,2430.46,42,676.85
5,119.42,3367.82,30,932.01
4,89.59,1876.38,48,781.87
1,63.61,570.35,17,453.71
4,98.6,3143.59,39,559.29
2,78.9,1082.81,10,513.79
4,151.66,3320.52,18,456.26
2,90.31,1585.52,35,626.59
3,54.07,751.25,47,762.34
1,96.62,1503.95,39,704.18
5,118.78,2906.38,54,858.41
1,58.84,500,21,554.22
3,117.01,1760.89,42,787.69
4,111.66,2185.26,42,826.4
5,106.42,2536.41,58,869.64
2,89.37,1201.69,26,611.54
3,87.66,1929.85,18,638.84
2,76.25,1792.91,14,495.84
2,89.98,1339.32,39,828.89
5,104.13,2071.22,55,992.26
2,73.52,563.89,46,741.04
2,73.26,739.41,29,538.23
3,125.71,2506.19,36,620.56
5,122.01,2583.92,16,497.22
3,109.41,1671.31,16,448.96
3,87.47,2348.87,25,512.54
5,90.98,2777.62,46,728.04
4,106.52,2457.16,48,772.5
5,96.04,2847.24,30,586.06
1,44.34,500,25,545.2
5,161.56,3127.17,33,746.5
5,85.95,2765.39,40,639.28
2,76.35,2073.88,11,597.25
5,89.04,2240.15,32,553.24
5,110.42,3772,21,646.65
2,66.24,1673.08,19,464.49
3,70.99,1088.14,40,708.86
4,117.6,2446.73,58,972.32
4,103.34,2165.84,51,982.4
5,115.81,2552.82,44,813.16
4,116.37,2359.26,34,763.08
3,132.18,2560.74,50,888.84
4,119.76,2559.84,27,671.52
1,64.8,749.06,13,273.16
5,143.86,3969.24,37,904.03
1,91.74,1506.66,7,428.47
1,71.05,1463.93,13,509.08
5,139.32,3549.39,26,897.68
5,142.44,3610.43,30,809.57
5,116.86,2791.88,58,922.46
3,126.38,2690.07,49,691.3
5,87.21,2404.1,43,734.22
4,130.77,2839.3,21,602.23
2,46.71,606.96,8,338.41
5,174.91,4628.14,40,903.18
3,111.79,2439.3,56,915.24
4,126.01,2602.45,46,742.76
2,85.04,1161.21,38,679.3
2,77.23,500,33,648.46
2,70.34,1381.32,10,497.88
4,98.11,2633.34,21,590.98
3,102.19,2482.5,47,715.08
5,74.49,2844.49,43,461.5
1,62.28,500,47,734.35
3,136.92,1984.72,44,779.61
4,123.82,2863.75,59,986.82
1,101.47,1028.84,33,665.77
1,57.25,566.97,17,343.33
5,78.45,2210.23,49,1006.5
2,134.02,2911.34,23,749.71
2,87.71,1837.46,55,840.1
3,120.12,2183.12,17,574.06
4,122.07,2596.51,48,945.62
1,63.29,531.15,31,644.99
3,113.82,1827.01,53,917.3
4,106.83,2331.25,49,671.75
5,104.08,2829.88,25,700.29
5,126.85,2664.97,60,915.4
3,104.86,1885.5,55,993.96
1,56.21,500,30,671.26
5,133.4,2964.9,26,673.3
1,96.16,789.77,39,741.16
4,121.8,3374.54,29,604.26
2,97.69,1906.2,14,505.32
1,72.32,500,49,868.31
1,49.29,500,10,393.33
5,109.13,2485.87,52,705.69
5,141.94,3639.52,63,1207.04
1,85.31,908.15,28,718.92
4,146.21,3397.36,43,975.96
3,95.16,2179.35,47,823.8
5,151.97,3410.61,54,992.03
2,103.65,2092.1,33,776.24
5,138.46,2689.42,63,1136.73
5,111.3,2953.47,30,544.44
1,75.46,1276.3,50,864.99
2,80.3,862.36,18,509.6
5,119.6,3305.96,23,469.77
3,97.82,1905.3,19,750.22
3,125.16,2540.69,24,494.2
2,79.75,1566.21,38,780.01
4,115.1,3062.74,42,793.82
1,81.83,1302.23,22,548.04
1,88.14,885.68,5,275.44
5,97.24,3055.12,23,626.76
3,86.22,1398.73,29,431.8
2,63.91,1010.28,9,336.07
4,132.36,3063.29,54,888.7
1,57.85,1028.95,36,580.25
2,82.92,1431.53,48,920.27
5,112.05,2429.75,39,858.01
5,116.89,2729.63,44,750.93
2,81.52,1829.25,43,704.22
2,92.35,2166,54,748.07
4,95.14,2372.79,34,766.95
2,51.07,822.67,8,477.41
1,51.55,500,18,486.22
4,142.8,2880.69,51,1006.84
5,136.65,3700.19,59,907.06
3,124.95,2011.81,35,571.91
4,102.64,2835.9,59,974.25
5,74.37,1645.13,64,867.64
2,68.04,1685.37,22,618.12
5,126.24,3446.94,17,517.22
5,123.39,2926.3,27,548.69
2,85.76,908.66,19,676.26
3,104.82,1666.91,49,973.6
2,130.68,2164.26,20,497.73
5,129.4,3253.29,22,547.8
2,59.94,960.32,49,688.27
1,75.13,695.39,5,385.43
2,73.2,994.4,25,652.92
2,70.45,1657,56,741.68
4,105.72,2384.85,16,414.46
3,108.71,2669.1,14,499.37
3,102.77,2137.21,25,585.1
3,129.67,2311.11,49,942.55
1,41.18,623.75,27,500.32
3,94.28,1985.72,17,414.16
3,115.91,2781.77,11,444.11
5,121.71,2475.38,26,684.62
1,55.83,970.83,9,363.48
1,91.46,1299.11,33,564.24
5,100.66,2432.78,32,595.21
3,129.87,2781.43,27,504.61
5,112.04,2297.36,23,387.99
4,121.04,2707.48,55,904.03
2,94.54,598.15,18,455.21
4,148.04,3143.31,35,782.27
3,62.42,686.35,39,764.3
4,99.71,2922.88,44,840.61
5,147.18,3250.94,49,1089.36
2,88.91,508.81,35,672.44
4,90.17,1941.74,43,726.87
1,93.96,1603.75,23,696.99
5,139.25,3653.11,36,789.41
5,146.81,3342.51,51,1040.05
3,102.37,1647.48,35,661.89
3,66.28,1202.03,21,519.69
2,62.95,1154.8,25,540.22
5,114.72,3064.06,22,749.46
3,98.42,2119.77,54,893.57
4,96.47,2446.16,39,709.05
4,121.29,3502.1,60,775.39
2,93.19,522.68,36,739.49
5,129.46,3759.63,22,616.59
4,126.33,1957.62,35,819.48
5,115.6,2188.86,38,729.13
3,83.02,1613.64,23,606.5
5,134.53,2780.67,23,655.26
2,68.3,1279.08,17,392.43
1,65.12,500,50,719.3
5,153.72,3401.63,18,660.14
5,111.18,3211.39,30,597.47
1,75.44,542.06,19,505
1,83.07,1169.71,17,550.71
4,123.47,3283.84,43,967.22
2,99.99,1692.66,13,577.38
1,71.89,646.9,28,624.04
3,75.18,1781.6,23,668.79
4,91.98,2281.39,25,641.57
2,83.74,1304.57,15,361.48
5,110.51,3225.77,16,589.43
3,114.77,1911.84,29,730.83
4,127.85,2787.88,21,561.83
4,116.44,2764.47,18,721.86
3,110.63,2382.42,36,760.77
4,108.8,2336.69,27,503.54
1,114.14,2124.05,7,371.5
2,115.6,2036.79,22,474.32
2,88.31,1390.32,49,937.82
3,102.9,2035.12,24,607.15
2,89.54,2073.49,14,484.91
5,123.73,2425.6,45,821.38
1,76.26,724.52,32,403.57
4,108.89,2944.73,25,689.92
5,134.58,2603.94,53,1043.29
2,116.2,1562.3,26,444.48
3,101.93,1399.34,26,671.67
1,90.82,803.47,25,606.47
3,98.67,1087.42,44,898.12
1,58.99,500,13,574.4
4,68.72,2168.78,32,510.74
4,92,2147.44,48,989.71
1,85.96,1072.16,10,544.4
1,91.75,1882.89,24,530.56
4,108.05,2120.83,16,687.89
5,113.16,1982.22,28,668.81
5,105.82,3223.67,59,999.56
4,86.55,2543.1,38,779.83
3,103.46,1885.89,21,576.57
5,132.53,3179.51,21,627.49
5,154.98,3183.61,65,1166.88
1,60.55,819.23,45,724.86
2,87.72,1017.48,54,776.61
5,115.97,2607.21,38,743.39
1,97.87,1361,46,873.65
5,153.94,4104.66,32,342.33
2,95.72,1215.09,51,816.84
1,101.22,1263.9,28,476.71
3,108.53,1476.72,13,607.02
2,86.94,1834.92,10,462.37
5,72.06,2055.84,60,965.32
2,82.77,1018.17,8,477.21
5,91.56,2563.41,45,629.07
2,95.51,799.39,12,498.11
1,63.83,968.32,34,588.26
2,114.26,2208.85,11,569.89
3,68.71,1633.8,46,798.76
2,53.99,1184.31,35,641.19
2,101.47,1821.15,47,922.98
2,88.36,1843.56,46,814.6
1,67.43,695.5,6,469.35
5,103.73,3291.29,38,908.04
2,90.96,1468.73,33,607.33
2,115.94,1856.62,41,762.59
1,66.41,956.8,7,425.87
5,112.26,2611.28,47,832.1
3,68.93,1472.94,13,238.38
5,98.18,2799.18,31,592.88
1,63.05,1064.48,5,390.26
2,88.36,1105.19,25,502.63
4,125.33,3249.22,50,1016.73
5,157.62,3919.87,49,1018.46
1,95.98,913.22,28,819.27
5,135.67,3229.55,41,737.13
2,127.93,1978.26,43,673.66
4,103,2194.08,55,975.84
3,103.92,1671.35,43,873.05
1,69.16,686.47,53,817.57
1,64.08,971.36,10,511.95
2,71.06,2044.88,45,864.1
3,50.77,1997.69,54,580.85
2,70.91,1018.13,42,523.73
2,58.77,896.29,51,703.87
1,75.4,1558.75,40,788.77
5,99.11,2424.4,62,1067.85
3,110.66,2284.53,10,384.04
2,51.55,956.89,30,606.19
3,111.76,2089.32,51,1009.84
5,105.25,2381.38,17,680.61
4,87.83,2042.35,30,612.71
5,119.05,3065.48,34,657.79
4,84.88,2730.81,49,738
3,73.31,1294.2,10,457.06
4,120.15,3165.15,51,872.69
3,79.86,1187.64,38,552.54
5,123.52,2911.68,41,882.27
5,135.86,2791.27,39,816.34
4,111.7,3059.66,39,645.76
3,149.67,2715.8,15,520.46
2,80.4,1544.72,47,633.74
3,99.1,2369.84,13,470.03
1,34.76,623.42,21,412.55
1,81.49,629.76,7,369.6
5,170.27,3926.08,54,1137.18
1,73.6,891.8,53,855.65
1,72.28,843.01,10,419.83
5,131.7,2917.59,42,651.93
2,79.02,1257.86,55,770.58
3,117.67,2159.24,38,787.63
1,85.94,1598.26,24,491.71
5,156.48,3096.93,26,534.98
4,67.37,1499.88,58,840.51
5,138.07,3824.5,37,700.65
1,84.04,1408.68,24,601.17
5,138.26,2459.64,48,750.49
3,111.57,2856.72,47,833.37
4,106.67,2192.35,26,673.05
1,46.68,667.14,16,392.7
1,94.92,783.72,43,837.34
1,96.39,1393.82,16,373.88
4,113.8,2246.56,49,936.6
1,69.48,1165.25,53,873.16
5,125.61,3126.12,56,942.1
4,120.91,2745.26,14,533.26
1,78.88,684,23,789.3
2,79.2,1369.83,31,502.74
1,75.99,862.98,43,741.59
5,115.68,2893.41,61,1006.4
3,100,2598.47,30,566.85
4,117.17,2417.67,39,852.23
3,84.42,1239.48,38,709.79
2,98.54,1839.93,20,455.37
3,115.74,1915.88,53,936.8
2,69.34,1677.39,22,540.92
2,55.61,1283.29,48,759.52
1,97.28,1907.9,40,729.58
1,76.23,500,42,803.39
2,92.3,1652.64,12,605.86
2,107.48,1133.18,14,277.15
2,101.85,1828.75,11,528.99
4,122.22,2904.41,15,498.4
5,139.33,3562.96,27,697.53
2,110.25,1495.31,29,784.15
5,152.5,3456.35,47,1010.13
4,103.09,1779.11,23,685.46
2,77.69,1610.27,54,999.99
1,58.17,1449.28,8,513.88
3,108.05,2110.89,54,866.4
5,109.56,3195.11,19,563.48
2,66.4,990.48,18,645.25
3,115.78,2382.12,37,635.05
3,116.83,2690.67,29,759.5
5,115.42,2853.76,51,937.26
4,126.48,3122.13,38,967.01
1,74.47,729.93,49,741.42
4,126.82,2404.21,32,748.07
2,123.14,1976.92,36,896.51
1,80.89,1206.56,22,698.53
4,106.3,2139.89,16,428.97
1,48.52,718.64,31,415.46
4,124.59,2724.99,23,576.48
3,91.16,2025.43,36,767.22
5,120.94,3507.68,33,685.53
4,97.07,2414.58,39,709.33
5,134.17,3202.61,44,742.2
3,53.41,1120.55,28,435.7
1,74.55,1175.91,52,718.63
1,84.02,642.24,11,231.75
5,144.33,3215.54,56,1014.43
4,109.78,2366.64,26,671.11
4,65.34,1856.22,50,974.99
3,104.41,1693.48,34,652.37
1,67.8,625.91,6,258.2
5,130.49,2930.09,24,621.75
1,101.1,1642.7,5,469.8
1,102.79,1448.54,39,777.81
2,108.27,2682.74,12,546.51
4,143.97,3064.18,20,660.14
4,121.1,2254.67,24,576.2
4,80.83,1795.01,21,575.69
1,30.68,992.54,24,431.77
2,66.9,1197.46,50,771.45
3,95.85,2285.34,53,861.65
5,112.2,2518.41,53,871.66
4,109.85,2095.74,30,520.95
5,99.56,2283.54,49,799.78
4,96.73,2182.16,50,748.92
5,100.53,2600.3,60,914.27
3,70.48,2513.29,48,766.14
5,140.57,2789.59,59,1104.49
3,83.42,939.23,15,428.09
5,119.58,2742.23,31,833.39
4,112.94,2219.32,50,770.37
4,141.72,2824.04,14,536.02
1,40.09,558.3,8,440.6
2,66.45,603.47,16,549.97
5,150.88,3435.74,45,744.98
3,81.08,1692.44,28,493.76
1,65.49,500,36,684.26
3,110.9,2171.36,11,516.94
2,98.86,1238.28,33,843.42
2,64.71,983.4,46,694.56
5,121.9,3076.11,65,1037.45
5,96.87,2215.87,38,682.48
5,147.66,3290.23,16,551.62
5,121.22,2805.54,55,1027.53
5,139.03,3237.65,31,652.63
1,85.37,1167.86,15,714.75
3,105.88,2470.9,59,953.92
1,72.46,1141.51,7,400.99
5,131.01,2518.73,17,553.21
5,103.76,3132.97,16,565.69
3,85.7,1914.48,22,567.59
5,130.21,2976.42,47,941.47
1,95.06,1137.5,15,299.67
4,152.82,2523.58,25,664.05
3,88.25,1504.77,52,758.61
5,117.64,2942.65,60,1000.95
2,95.9,1805.68,47,759.64
1,83.83,1929.5,50,735.73
5,121.72,2419.34,24,604.71
2,90.42,2183.19,41,745.71
2,118.43,2027.82,34,622.83
4,107.41,2794.51,44,863.51
1,53.66,1395.66,44,721.07
1,56.41,720.49,34,490.65
3,83.44,2064.45,17,456.03
3,122.74,2108.31,48,1096.35
3,111.18,1590.5,54,959.79
5,124.73,3248.38,19,541.7
5,139.96,3310.82,23,778.4
1,84.66,1536.67,28,657.81
5,126.1,3429.83,29,542.76
1,31.78,500,26,357.82
2,97.25,1716.55,23,780.37
3,137.37,2103.63,52,982.84
3,123.13,2547.09,13,462.58
2,66.86,1652.84,36,566.11
5,120.07,3299.37,23,757
3,71.31,1291.56,24,537.79
2,82.8,1703.52,48,703.32
1,70.33,837.85,50,756.49
1,60.81,621.95,48,805.43
2,64.72,1320.78,44,710.24
4,115.67,3072.09,59,973.03
1,101.05,1003.93,17,628.48
4,84.62,2671.54,19,551.06
5,127.92,2976.82,18,646.3
5,114.15,2356.72,62,954.38
2,86.61,1450.69,13,511.75
5,144.18,2812.89,65,1145.77
1,65.03,1212.61,7,318.24
2,90.89,1925.27,45,754.38
4,71.21,1508.83,48,733.24
5,138.75,3080.02,26,620.07
3,91.47,2139.75,46,734.13
3,80.46,1521.28,15,517.57
3,84.4,1749.41,15,581.73
2,73.05,1612.42,51,752.79
5,97.75,1924.03,23,589.92
5,142.51,2975.31,33,729.85
5,146.67,3608.94,55,1068.54
5,116.52,2973.11,43,1027.5
2,125.77,2493.81,18,447.19
3,91.36,2077.57,46,737.13
5,130.05,3285.12,41,783.43
4,132.69,2995.51,47,1039.24
2,121.24,1566.57,22,637.61
3,82.49,1750.58,17,414.81
2,117.31,1773.05,11,528.09
4,106.63,2623.46,14,553.95
2,109.08,1811.7,49,864.29
5,157.66,3545.7,50,997.42
2,60.63,1324.44,46,659.91
4,103.81,3104.41,56,870.15
1,70.78,629.86,4,368.6
1,64.07,667,21,635.19
2,88.44,1917.61,28,692.94
2,85.42,1609.43,51,781.66
3,97.92,2020.18,47,802.19
1,87.57,500,21,573.7
3,115.14,1616.9,48,977.22
5,120.68,2575.62,53,1149.05
4,87.69,2013.06,26,469.85
3,85.6,1872,10,284.43
4,103.77,1950.39,52,950.75
1,51.2,844.6,46,713.61
1,95.22,1427.48,44,922.63
4,142.94,2472.65,48,742.48
2,44.35,1361.03,10,353.58
5,92.36,2597.25,51,836.89
4,114.81,2026.19,19,570.97
4,106.85,2180.31,42,1005.44
5,142.42,3354.85,37,840.62
5,116.6,2692.9,18,547.8
2,120.12,2058.49,41,676.28
4,94.54,1362.08,51,796.63
2,95.54,1587.85,47,813.01
3,138.57,2649.54,58,1093.12
3,99.67,2543.1,20,544.12
5,132.78,2804.81,25,699.17
2,82.65,1965.36,51,866.93
4,134.8,2284.63,24,450.73
5,120.87,2912.73,56,983.58
4,106.55,2634.82,30,717.61
2,119.87,2059.55,30,705.51
3,114.74,2390.57,50,900.38
2,97.06,896.57,42,812.85
2,66.09,1417.22,17,510.67
1,115.49,2091.55,51,993.05
1,76.65,1487.42,4,316.27
4,110.08,2424.26,41,858.55
1,62.51,637.33,6,534.47
5,108.65,2926.14,29,580.13
2,96.79,1889.79,40,751.63
3,115.6,1939.91,31,815.12
4,97.26,2406.1,61,1137.99
5,104.37,2437.86,29,747.14
2,64.75,592.03,19,496.14
2,94.77,2172.37,7,437.4
4,108.73,2618.32,44,657.54
2,91.9,1757.98,31,811.51
1,75.17,500,27,475.98
1,57.5,655.54,50,696.63
1,93.94,868.64,24,628.78
2,81.26,955.57,27,753.31
5,108.87,2940,34,827.24
3,91.59,2117.14,22,516.16
1,37.9,678.24,50,694.68
5,145.77,2961.02,26,728.79
1,97.7,2088.45,43,962.6
3,117.4,2166.65,46,871.06
3,85.77,2131.74,19,495.69
5,142.08,3483.62,57,1027.77
4,106.34,2579.67,14,506.12
1,55.58,500,5,518.47
3,93.69,1615.81,37,881.58
1,64.59,1334.89,11,532.65
5,137.36,2672.11,34,663.56
4,109.89,2487.46,52,895.67
1,66.75,1061.96,42,729.99
1,86.16,1216.24,51,838.93
1,74.49,1239.15,29,639.16
5,85.63,2499.61,54,870.23
2,98.72,2227.7,38,704.04
3,85.41,2404.69,24,531.87
4,104.75,1696.34,37,624.43
1,70.06,1132.65,24,500.29
4,115.82,2337.5,28,654.91
4,98.25,1856.03,35,668.02
2,70.45,1227.2,56,850.06
1,98.45,1330.42,6,315.27
1,70.51,1051.33,30,655.33
1,116.23,1562.18,49,980.85
2,74.31,1899.6,47,936.76
4,92.65,1600.57,44,807.47
4,113.75,2031.56,55,1019.42
5,107.32,2128.56,60,944.09
1,56.05,506.13,27,473.65
3,69.62,1274.49,43,635.98
2,96.82,1509.79,43,733.51
4,108.29,2189.8,16,524.11
2,98.16,1866.25,42,865.2
3,65,1526.06,37,708.31
5,139.81,3526.92,60,1105.44
2,93.59,1395.48,18,486.68
2,68.45,1180.72,8,325.84
1,70.02,962.93,12,461.88
3,86.57,1234.7,34,701.7
3,92.53,1663.81,53,623.69
2,88.52,2035.72,51,832.87
1,118.38,2049.02,4,416.94
5,102.29,2749.13,17,518.46
5,134.21,2891.18,35,893.41
5,95.61,2434.91,32,788.68
2,43.15,500,38,634.93
5,125.46,2806.88,25,753
2,57.94,500,21,456.67
4,96.88,2033.33,51,909.8
5,131.51,2678.5,65,1124.74
1,77.36,894.45,30,707.22
3,99.46,2144.62,52,924.57
2,121.31,1966.36,19,647.19
5,127.85,3455.83,42,782.08
3,126.63,2663.52,15,428.48
5,109.72,2770.04,37,599.81
2,72.55,1389.44,14,469.39
5,138.63,4220.67,36,812.46
4,124.88,2330.24,55,976.16
4,147.04,3809.19,18,476.51
3,80.88,1838.46,45,802.97
2,85.49,1567.51,35,548.11
1,73.55,500,36,530.82
1,73.44,1146.11,44,648.21
2,85.15,1118.4,22,622.86
4,121.61,2082.73,18,408.93
3,104.99,1919.75,14,438.5
1,84.97,848.22,50,657.74
3,112.8,2194.73,38,817.12
2,94.79,1681.04,49,779.7
5,99.73,2164.02,46,741.03
2,121.06,1972.43,25,665.98
2,93.33,2113.92,52,856.62
4,145.94,3475.08,35,732.71
1,88.1,1925.56,34,693.25
5,118.1,2695.91,61,1177.62
3,86,2255.8,48,793.08
5,109.42,2588.77,47,683.88
1,89.21,877.7,13,413.57
1,83.26,1332.73,41,745.58
5,128.72,3602.52,16,381.09
3,92.01,1474.32,49,719.11
5,123.12,2995.63,51,951.11
2,82.86,1082.29,36,913.93
3,98.11,1603.11,32,587.25
3,118.91,2315.96,10,542.66
4,72.73,1906.04,50,823.72
4,94.96,2137.58,30,579.66
1,35.08,500,42,652.49
5,105.06,2641.57,48,930.5
2,111.97,1875.54,41,856.49
1,86.55,1691.59,39,915.33
4,113.33,2148.99,51,836.24
5,100.34,2261.1,24,429.63
2,93.07,2514.64,49,577.71
2,131.07,3154.49,29,618.13
1,105.9,1088.12,13,497.68
1,65.68,892.36,5,531.2
5,129.71,2861.92,60,1242.02
5,128.7,2949.06,65,1204.49
3,69.03,1770.11,57,906.94
3,129.43,3240.36,46,816.97
1,82.6,1143.21,6,512.66
4,81.7,2574.43,36,736.94
5,125.32,3106.35,26,537.83
1,64.01,723.93,49,863.36
4,78.78,1531.03,16,590.8
3,134.79,1990.11,56,858.1
2,77.42,1640.69,45,668.81
2,114.43,2060.6,43,922.33
2,93.91,1199.91,28,735.63
5,105.38,2592.66,48,853.88
4,108.71,2295.25,39,714.08
4,87.4,2375.4,33,653.47
5,131.04,3279.56,48,712.71
3,109.8,2255.09,45,518.52
1,91.42,1391.76,48,793.07
4,108.44,2201.18,44,858.93
3,142.78,2878.81,17,742.08
5,101.2,2449.03,23,523.06
4,117.54,3218.71,55,851.54
1,51.78,870.42,25,519.56
2,111.75,1781.34,43,697.96
2,77.44,929.1,31,638.64
3,102.93,1630.62,35,651.71
1,123.08,1719.3,29,787.11
5,103.46,2395,63,1082.51
5,121.11,2891.54,60,1058.64
5,127.92,3108.77,62,913.92
2,78.6,1572.09,43,868.41
1,75.25,1393.52,38,711.84
1,94.73,1757.48,48,894.18
5,145.36,3575.88,61,1095.6
3,90.8,1683.92,32,583.13
3,108.23,2185.81,30,708.85
2,72.24,1270.31,12,186.73
1,60.93,601.76,13,405.69
5,130.16,3056.15,52,646.26
4,124.1,2979.1,20,427.14
5,137.32,3467.02,18,613.66
2,30,500,52,645.25
1,57.68,500,42,630.2
5,128.21,3020.21,43,921.56
5,102.75,2931.07,33,717.2
4,115.39,2095.97,46,887.98
2,105.57,1236.76,24,540.06
1,40.65,693.77,12,524.28
1,91.36,1026.94,5,350.17
2,111.46,2603.27,52,909.62
5,141.23,3514.74,49,952.22
3,106.72,2427.52,21,469.77
5,123.91,3096.3,16,574.51
3,122.38,2995.14,38,568.41
4,115.69,2736.76,16,336.97
2,110.86,1459.1,45,897.89
2,61.25,1070.1,36,611.36
2,110.31,1623.77,55,1027.46
3,90.29,2181.69,50,799.4
4,138.54,3335.88,36,952.92
5,136.1,2924.32,46,807.54
1,51.21,1115.62,24,514.81
5,147.41,3467.26,43,944.94
2,62.4,961.02,36,623.16
5,105.62,3281.09,44,932
5,133.84,3205.29,52,989.41
5,123.32,2715.25,45,735.39
2,95.93,2593.38,56,980.27
5,133.3,2489.77,27,750.51
3,123.41,1762.94,46,927.18
5,116.76,2281.91,56,937.86
4,106.27,3112.54,57,966.19
2,100.97,1663.66,32,710.06
3,98.14,2050.49,21,606.2
4,126.63,3310.88,55,1036.29
1,61.77,1199.06,9,456.8
5,122.37,3186.29,38,867.21
1,69.67,1164.04,7,534.76
5,139.98,3346.38,52,915.33
1,112.51,1900.6,53,865.88
4,137.34,3614.34,28,832.96
1,100.44,1887.99,34,602.17
5,116.78,2971.89,33,639.22
2,102.79,1399.03,34,698.16
2,73.85,1221.65,40,769.46
4,121.25,2689.94,41,880.78
1,87.32,1643.62,27,649.21
3,97.19,2444.98,49,839.24
3,69.42,1404.69,46,610.19
1,70.25,1617.18,7,510.95
3,93.9,1284.7,21,462.23
3,86.86,2220.13,43,915.55
2,47.92,1731.27,7,155.37
2,76.35,870.99,39,606.91
1,30.66,1381.25,20,476.91
2,85.55,1480.5,55,1092.34
4,97.43,2049,48,833.77
1,94.51,1489.86,42,952.89
4,88.73,1665.2,40,738.66
5,147.45,3506.65,52,899.76
2,69.43,628.38,38,597.1
3,113.33,1646.71,27,610.81
5,99.49,2725.26,63,960.68
5,125.92,3462.59,64,1144.08
3,100.17,2035.77,23,605.65
4,102.69,2281.84,13,510.6
4,105.24,1785.59,25,789.34
2,73.88,926.99,37,856.41
2,98.6,1757.53,47,651.79